,Entity_ID
0,DB07621
1,Q9Y4U1
2,DB01819
3,DB00633
4,P15328
5,DB07075
6,DB07076
7,P35348
8,Q96Q83
9,DB01072
10,DB00612
11,O43613
12,DB04369
13,DB00045
14,DB01124
15,P33981
16,DB08005
17,Q96EN8
18,DB01388
19,DB00986
20,P35228
21,DB04644
22,DB02162
23,DB04716
24,DB01056
25,P24298
26,O60706
27,P68104
28,DB02562
29,DB03010
30,P28331
31,DB05483
32,DB04010
33,DB08007
34,DB02638
35,DB00221
36,DB01672
37,DB01436
38,DB04997
39,O60218
40,O14561
41,O60911
42,DB07217
43,DB01548
44,DB01355
45,DB00035
46,DB00204
47,DB01863
48,DB01576
49,P62829
50,DB00389
51,DB03466
52,P10827
53,DB01236
54,DB04282
55,DB07979
56,DB06993
57,P00439
58,P17538
59,DB00142
60,P30411
61,DB06914
62,DB02236
63,DB01144
64,DB04847
65,DB00119
66,DB01347
67,P01189
68,P21549
69,DB03881
70,DB03403
71,DB06716
72,DB01571
73,DB04310
74,P01031
75,DB08806
76,P01589
77,Q16762
78,DB05651
79,DB07633
80,DB04906
81,DB04521
82,DB06731
83,DB01830
84,Q14541
85,DB00932
86,P06576
87,DB04677
88,P13639
89,Q8NER1
90,DB04630
91,DB01012
92,DB07364
93,DB02272
94,P03989
95,DB00949
96,DB03959
97,P06881
98,DB02857
99,DB07071
100,P15085
101,DB06196
102,DB00264
103,Q9HAN9
104,DB06836
105,P09455
106,DB02103
107,P05107
108,DB01246
109,DB04642
110,DB03935
111,DB02141
112,O43766
113,DB00522
114,DB07046
115,DB02457
116,O95479
117,O15382
118,Q9Y2D1
119,DB09016
120,DB07034
121,DB07378
122,DB04672
123,DB02712
124,DB06688
125,P13569
126,DB00643
127,O75306
128,DB07766
129,P62837
130,DB02338
131,DB02234
132,DB00492
133,P53582
134,P60568
135,Q07817
136,DB07204
137,DB08468
138,DB01215
139,DB07672
140,DB06693
141,DB06840
142,DB02161
143,P20273
144,DB08213
145,DB02108
146,Q9NPA1
147,P02452
148,DB07315
149,O60656
150,DB01184
151,DB01062
152,DB05395
153,P01584
154,DB08063
155,DB03115
156,P05062
157,DB00750
158,DB05787
159,DB01191
160,DB07643
161,Q14697
162,DB07947
163,P04406
164,P40429
165,Q07954
166,DB05446
167,Q15111
168,DB01059
169,P22309
170,Q08209
171,P61457
172,DB06317
173,DB02104
174,DB07543
175,DB00190
176,DB03940
177,DB00050
178,DB08537
179,DB04101
180,DB04394
181,DB08678
182,DB08526
183,Q96NX5
184,DB09078
185,DB01069
186,DB04371
187,DB06228
188,DB07024
189,DB06901
190,DB04938
191,P16455
192,P28566
193,DB02761
194,O43246
195,DB05094
196,DB06404
197,DB00788
198,DB01791
199,DB04648
200,Q99497
201,DB01093
202,DB03226
203,DB01472
204,P02794
205,DB00722
206,DB01198
207,DB00628
208,DB00217
209,DB05159
210,P17181
211,DB05913
212,DB04599
213,DB03725
214,DB01077
215,P18846
216,DB01173
217,P53778
218,DB08259
219,DB01834
220,P00451
221,DB04871
222,P16870
223,DB04166
224,DB01625
225,DB03632
226,DB02089
227,DB08248
228,DB08750
229,DB07508
230,DB07421
231,DB01820
232,DB01105
233,DB01378
234,DB01195
235,DB02303
236,DB07078
237,DB07379
238,P15291
239,DB01276
240,DB06945
241,DB08768
242,Q13200
243,Q8N1C3
244,DB08133
245,DB05831
246,DB08805
247,DB01366
248,Q13554
249,DB01251
250,DB03663
251,DB07111
252,DB00033
253,DB01002
254,DB04288
255,DB04978
256,DB04204
257,DB02726
258,P54819
259,P48067
260,DB01141
261,DB00436
262,DB04276
263,DB01297
264,Q92731
265,DB03154
266,DB06414
267,DB00212
268,P23434
269,P27824
270,DB00911
271,DB07778
272,P01130
273,DB06817
274,P02708
275,DB08073
276,DB02624
277,P51178
278,P17600
279,DB02670
280,P20248
281,DB07531
282,DB01426
283,DB07735
284,DB07687
285,DB07009
286,DB02210
287,O00217
288,DB00036
289,O14746
290,DB08094
291,Q9BUF5
292,DB07383
293,P49069
294,DB01033
295,DB02080
296,DB04195
297,DB03013
298,DB07141
299,DB00721
300,DB08605
301,DB07816
302,DB00558
303,DB08777
304,Q15102
305,P08631
306,DB01866
307,DB03691
308,DB02308
309,DB08897
310,DB08677
311,DB04194
312,DB03380
313,Q8WX39
314,DB02076
315,DB08918
316,DB04020
317,P04278
318,DB03088
319,DB06912
320,DB00043
321,DB04469
322,DB03955
323,Q13555
324,P35610
325,DB07606
326,DB01096
327,P15531
328,P08243
329,DB04959
330,DB00092
331,P07339
332,DB07688
333,DB06795
334,P05981
335,O43424
336,DB08549
337,Q9NSA0
338,DB02685
339,DB01463
340,Q00987
341,DB07157
342,DB07008
343,P22891
344,DB04957
345,DB05846
346,DB01129
347,DB00432
348,DB08883
349,P50225
350,DB07202
351,Q9NTG7
352,DB03626
353,DB01092
354,DB03182
355,DB00604
356,DB01384
357,DB07691
358,DB08673
359,P10632
360,DB08409
361,Q9UQL6
362,DB03384
363,DB05223
364,P23378
365,Q9UQD0
366,DB04537
367,DB03893
368,DB02058
369,DB08609
370,DB00578
371,DB00313
372,P03905
373,Q15759
374,O95477
375,P10145
376,Q16654
377,DB07744
378,DB01244
379,DB07698
380,DB07054
381,DB00969
382,DB07226
383,DB01123
384,DB05018
385,DB07670
386,P36873
387,P05787
388,DB03585
389,DB00839
390,P21918
391,DB02447
392,Q8WU03
393,Q5XXA6
394,DB05766
395,P41146
396,DB05317
397,DB01367
398,DB05869
399,DB02800
400,DB07410
401,DB03101
402,P23786
403,DB03759
404,DB05104
405,DB08878
406,DB03453
407,DB04800
408,DB07270
409,DB02195
410,DB00754
411,Q99707
412,DB00594
413,DB07489
414,DB00730
415,DB07793
416,Q15031
417,Q9BYZ2
418,DB00166
419,DB01259
420,Q6TGC4
421,DB07045
422,DB04868
423,DB01861
424,P60174
425,DB01364
426,Q16552
427,DB05361
428,Q12882
429,P51512
430,Q6IB77
431,P22033
432,DB08176
433,P41250
434,Q13363
435,Q13557
436,DB02424
437,DB03849
438,DB07148
439,P49190
440,P35558
441,DB01488
442,DB07456
443,P10600
444,Q9P2W7
445,DB00717
446,DB00523
447,DB08620
448,DB02287
449,DB00832
450,Q16665
451,DB08907
452,Q8TCD5
453,P40261
454,DB00700
455,DB04368
456,DB03399
457,DB03206
458,DB00034
459,DB06714
460,DB01664
461,P07814
462,DB00912
463,DB00613
464,DB00548
465,DB08218
466,DB08361
467,DB08791
468,DB04722
469,DB04753
470,DB00094
471,DB02744
472,DB00125
473,DB07646
474,P05108
475,P08174
476,P25103
477,Q06187
478,P16389
479,DB01727
480,P21283
481,O43193
482,DB00591
483,DB05793
484,DB01221
485,Q96KS0
486,DB03765
487,DB08888
488,DB04608
489,P48169
490,Q8WXA8
491,DB07618
492,DB05141
493,DB00196
494,DB03404
495,DB05408
496,DB07004
497,DB00026
498,DB01031
499,DB07995
500,DB04234
501,DB04152
502,DB03726
503,DB08798
504,DB07801
505,P47897
506,DB01102
507,DB01403
508,DB03860
509,DB00598
510,DB02115
511,DB06831
512,DB03628
513,DB04560
514,O15403
515,DB05367
516,DB00852
517,DB07791
518,DB03341
519,P23467
520,P43088
521,DB05241
522,P48167
523,P08581
524,DB02512
525,P21802
526,DB08740
527,DB03207
528,DB01699
529,DB01097
530,Q16644
531,DB00346
532,Q15303
533,DB00413
534,DB08617
535,DB00154
536,DB05676
537,P15153
538,DB05505
539,DB06803
540,DB03294
541,Q15858
542,DB00163
543,P48449
544,Q13547
545,P04626
546,Q92569
547,P00736
548,P09884
549,DB07031
550,DB03346
551,P35398
552,DB04721
553,DB06791
554,DB02381
555,DB08258
556,DB05095
557,DB07583
558,P12314
559,P49366
560,DB01689
561,DB05047
562,DB04798
563,P30084
564,DB04654
565,P16083
566,DB00511
567,Q9H4Y5
568,DB07037
569,DB01035
570,O60701
571,DB05415
572,DB01160
573,DB03645
574,P15954
575,DB07497
576,P01859
577,P47869
578,Q00536
579,DB00114
580,DB08889
581,P11712
582,Q9P0J0
583,DB00857
584,P0C0L4
585,P01374
586,DB04805
587,DB00174
588,DB05268
589,DB01800
590,DB03100
591,P06276
592,DB02407
593,DB03093
594,DB08694
595,P04424
596,DB01807
597,DB08535
598,Q07912
599,DB02715
600,DB01082
601,DB04674
602,DB08766
603,DB08300
604,Q92843
605,DB00380
606,DB07657
607,DB07154
608,DB07956
609,DB08022
610,DB07617
611,P49411
612,Q5T4S7
613,DB05092
614,DB00324
615,P48551
616,DB02144
617,DB07334
618,DB01120
619,Q5NUL3
620,DB03080
621,P54219
622,P36544
623,DB03572
624,P51686
625,DB01588
626,P28221
627,DB06855
628,Q9BXJ7
629,DB01168
630,P01583
631,DB06973
632,P78348
633,O60494
634,DB02731
635,Q9UHW9
636,DB02185
637,DB07851
638,DB03110
639,DB02558
640,DB00704
641,P05181
642,DB07450
643,Q99873
644,DB03722
645,P40926
646,DB08420
647,P14543
648,DB00541
649,DB06176
650,DB01036
651,DB05134
652,P18031
653,P06732
654,DB05486
655,DB04534
656,DB06996
657,DB06856
658,DB02193
659,DB07032
660,DB07843
661,P49257
662,DB02436
663,P14927
664,DB03175
665,P42263
666,DB05139
667,DB01442
668,DB04786
669,DB06713
670,DB00372
671,DB00549
672,DB07356
673,DB05930
674,DB00851
675,DB05774
676,DB07980
677,DB05050
678,DB03245
679,DB00004
680,DB04453
681,DB08885
682,DB00155
683,O94925
684,DB04683
685,DB02341
686,DB00657
687,DB04855
688,DB07280
689,DB05046
690,Q9Y5R2
691,P78334
692,DB00298
693,DB07639
694,DB07502
695,DB00922
696,DB07638
697,DB08935
698,DB03714
699,P09382
700,DB03455
701,Q9Y600
702,DB07542
703,P59768
704,DB07443
705,DB07720
706,DB05255
707,P19971
708,Q03721
709,DB08083
710,Q8NBP7
711,DB08219
712,P67775
713,Q96RI1
714,DB04836
715,O00469
716,P50897
717,P06858
718,DB07195
719,DB07346
720,P22314
721,DB04873
722,DB00354
723,P61160
724,O14880
725,DB08770
726,Q9Y275
727,DB00216
728,Q13748
729,Q14654
730,Q9UHA3
731,DB08591
732,DB07353
733,P02749
734,DB08067
735,DB00366
736,P09038
737,DB01989
738,P34995
739,DB05900
740,P61769
741,DB07249
742,P27695
743,P12532
744,DB01076
745,DB02900
746,DB04865
747,P49747
748,DB00535
749,DB00481
750,Q9H853
751,O15067
752,DB00257
753,DB05265
754,DB00512
755,P09917
756,DB03430
757,DB03078
758,P60953
759,DB04325
760,P07948
761,O43920
762,DB03788
763,DB06902
764,DB01969
765,DB05316
766,P23381
767,DB03486
768,P07949
769,DB03526
770,P46059
771,DB00153
772,P51800
773,DB04238
774,DB08241
775,DB06963
776,DB08003
777,DB03848
778,P52209
779,DB02637
780,DB00323
781,Q9BZX2
782,P42685
783,DB06971
784,DB08618
785,P09238
786,DB05369
787,DB04334
788,DB01138
789,DB03690
790,DB07887
791,DB03183
792,DB04840
793,DB07909
794,DB00629
795,O15217
796,DB04902
797,DB03643
798,DB05075
799,DB02081
800,DB04851
801,DB08503
802,P37268
803,DB00933
804,O60512
805,P15382
806,Q05932
807,DB00185
808,DB03636
809,DB08687
810,P62745
811,DB01047
812,P05165
813,DB03136
814,DB08192
815,DB05750
816,P26639
817,DB05773
818,DB02569
819,DB06777
820,DB07011
821,Q9Y6F1
822,DB00490
823,Q13126
824,DB00208
825,DB08498
826,DB00206
827,DB00964
828,Q9UL54
829,P04629
830,DB05338
831,DB05413
832,DB07636
833,DB04551
834,Q9BY41
835,Q9BQE3
836,DB08533
837,DB01030
838,DB08077
839,DB08011
840,DB00340
841,DB00690
842,DB01070
843,Q96RQ9
844,Q9NUB1
845,P14649
846,Q02338
847,DB02709
848,DB00873
849,DB02352
850,DB00250
851,Q9Y663
852,DB05876
853,DB01209
854,Q9Y2Q0
855,DB01395
856,DB02401
857,DB06927
858,DB01081
859,DB05062
860,DB07224
861,P48547
862,Q06609
863,DB03996
864,P27707
865,Q16719
866,P49841
867,P00740
868,DB07577
869,DB01019
870,P00709
871,DB04983
872,O14841
873,DB00054
874,DB08756
875,DB07403
876,DB00648
877,DB05364
878,P30518
879,DB03223
880,DB00998
881,O94760
882,DB07981
883,P26951
884,DB02448
885,DB05382
886,P23919
887,DB08387
888,Q05940
889,DB07624
890,P20618
891,Q9Y5R8
892,DB00902
893,Q16647
894,DB02635
895,DB01922
896,DB01681
897,P42768
898,DB04003
899,P39900
900,DB01118
901,P22607
902,DB00929
903,DB08550
904,DB05168
905,DB00926
906,DB00752
907,DB08292
908,DB03268
909,Q9Y619
910,DB09074
911,P14621
912,O43837
913,P31749
914,Q02643
915,P40925
916,DB03250
917,DB00393
918,DB02378
919,P02745
920,DB08499
921,DB07228
922,Q8IVS2
923,DB07254
924,DB04001
925,DB04018
926,DB07231
927,DB08277
928,DB00879
929,DB01399
930,DB07849
931,P11509
932,DB08009
933,DB03896
934,DB07316
935,DB02692
936,P29972
937,DB00794
938,P16234
939,DB02615
940,P30305
941,DB02078
942,Q9Y2U5
943,P00751
944,DB02073
945,DB07764
946,DB01262
947,DB04947
948,DB01756
949,DB08320
950,DB07259
951,P30838
952,DB02539
953,DB05764
954,DB04573
955,DB05024
956,DB06867
957,DB02553
958,DB02812
959,P06493
960,DB06712
961,P55055
962,DB08633
963,O76074
964,DB07230
965,P10768
966,O60942
967,O15270
968,DB08247
969,P14679
970,Q9NY59
971,Q15738
972,P07602
973,DB04697
974,Q16613
975,DB08369
976,P11717
977,DB03519
978,O95190
979,Q9UI32
980,DB00736
981,DB03886
982,DB07607
983,P30793
984,DB03737
985,P15086
986,DB04281
987,P55786
988,P24046
989,DB04660
990,DB01241
991,DB00275
992,DB08487
993,DB04723
994,DB07716
995,DB04769
996,DB07712
997,DB02020
998,DB04768
999,DB03103
1000,DB03288
1001,DB01279
1002,DB04864
1003,P02144
1004,Q15648
1005,DB00524
1006,Q9Y2J8
1007,DB03005
1008,DB01840
1009,DB07213
1010,P07203
1011,DB01452
1012,Q9HBH1
1013,DB00016
1014,DB06976
1015,DB00097
1016,P04035
1017,DB03967
1018,DB08210
1019,DB00384
1020,DB02854
1021,DB08423
1022,DB02449
1023,Q9H4G4
1024,Q9UGN5
1025,DB05343
1026,DB00576
1027,DB00563
1028,Q00653
1029,DB08134
1030,Gene
1031,Q92506
1032,DB06218
1033,DB00910
1034,DB01225
1035,Q9H169
1036,DB04106
1037,DB01734
1038,Q15118
1039,DB06101
1040,DB03635
1041,DB05785
1042,P07919
1043,DB01136
1044,P35499
1045,DB08221
1046,P05187
1047,DB07091
1048,DB04665
1049,DB01427
1050,DB07124
1051,DB07393
1052,P30542
1053,DB02918
1054,DB01275
1055,DB03195
1056,DB00297
1057,DB00701
1058,P23528
1059,DB00062
1060,DB00452
1061,DB08577
1062,DB08611
1063,P08709
1064,DB08488
1065,DB08395
1066,P31350
1067,DB08866
1068,DB01644
1069,DB07129
1070,DB00158
1071,O14727
1072,DB05308
1073,O94788
1074,DB00017
1075,DB03637
1076,P98170
1077,P13051
1078,Q9NRF9
1079,DB02754
1080,P20594
1081,DB00715
1082,DB00714
1083,DB08398
1084,DB06605
1085,P68871
1086,DB07658
1087,DB03176
1088,P25024
1089,DB09217
1090,DB07133
1091,DB05694
1092,DB00573
1093,DB04074
1094,O95342
1095,Q9UBX3
1096,P62136
1097,DB07584
1098,DB03974
1099,DB06994
1100,DB04858
1101,DB00450
1102,DB00637
1103,DB03217
1104,Q9UHY7
1105,DB02279
1106,DB00809
1107,DB00797
1108,DB04468
1109,DB04299
1110,DB03338
1111,DB02684
1112,DB01821
1113,DB00619
1114,O00459
1115,DB07632
1116,Q14416
1117,Q04844
1118,DB03981
1119,P54760
1120,DB00773
1121,DB08129
1122,DB01125
1123,DB07866
1124,DB00254
1125,Q6UWM7
1126,Q07075
1127,DB00239
1128,P49788
1129,DB06709
1130,DB01080
1131,DB02998
1132,P02458
1133,DB00606
1134,O60939
1135,DB06992
1136,DB04387
1137,DB07665
1138,DB00476
1139,DB00423
1140,DB08099
1141,DB08238
1142,Q16850
1143,DB07142
1144,DB00583
1145,DB07916
1146,DB02164
1147,P49913
1148,DB00091
1149,DB08411
1150,DB00435
1151,Q9Y285
1152,DB08780
1153,P50607
1154,DB05216
1155,Q9Y345
1156,P24530
1157,Q8N8N7
1158,DB04012
1159,DB07832
1160,DB08085
1161,P80511
1162,DB05797
1163,Q9NZV6
1164,P56696
1165,DB00741
1166,P06756
1167,DB01645
1168,DB04833
1169,Q92831
1170,DB03928
1171,Q13258
1172,DB05463
1173,P05155
1174,Q9H3N8
1175,DB01248
1176,DB08908
1177,DB00871
1178,DB00559
1179,O00305
1180,DB08096
1181,DB00692
1182,DB04991
1183,DB00042
1184,DB04820
1185,DB03251
1186,DB00156
1187,DB08730
1188,Q969G6
1189,DB02696
1190,DB01608
1191,DB08383
1192,DB07498
1193,O95069
1194,P51787
1195,DB07278
1196,DB08023
1197,DB08060
1198,DB00403
1199,DB07540
1200,O60513
1201,DB07449
1202,DB01189
1203,DB02348
1204,Q9ULA0
1205,DB00496
1206,DB04620
1207,DB07441
1208,P49221
1209,DB06877
1210,Q9BY49
1211,DB06878
1212,DB08464
1213,P43026
1214,DB00285
1215,DB01851
1216,DB08029
1217,DB08815
1218,DB07366
1219,DB08084
1220,O75380
1221,DB02360
1222,DB02054
1223,DB02915
1224,DB05319
1225,DB08892
1226,DB00401
1227,DB02034
1228,P37023
1229,DB07016
1230,DB06986
1231,DB06262
1232,DB08534
1233,DB02843
1234,P62942
1235,DB02388
1236,DB07448
1237,DB04335
1238,P63096
1239,P12318
1240,DB07719
1241,DB08037
1242,DB02910
1243,DB01762
1244,DB06924
1245,DB01245
1246,DB08497
1247,P41439
1248,DB08445
1249,P78352
1250,DB06623
1251,Q93088
1252,DB03129
1253,Q16854
1254,DB04901
1255,DB07297
1256,DB00344
1257,DB04860
1258,DB08191
1259,DB03876
1260,DB06829
1261,DB07697
1262,DB03828
1263,DB08351
1264,DB04522
1265,P05120
1266,Q16739
1267,DB08313
1268,P42336
1269,Q01668
1270,O43741
1271,DB02563
1272,DB02547
1273,P01764
1274,DB05220
1275,DB05116
1276,Q16566
1277,DB06096
1278,Q9UBT6
1279,O43704
1280,DB01273
1281,Q96SL4
1282,DB07318
1283,Q14831
1284,DB02220
1285,DB07328
1286,DB00575
1287,DB04933
1288,DB02895
1289,DB08059
1290,P08887
1291,DB02508
1292,DB01365
1293,DB00188
1294,DB00953
1295,DB03256
1296,DB07710
1297,DB03401
1298,Q16795
1299,DB01567
1300,P11511
1301,Q9NPJ3
1302,Q86WA6
1303,DB00458
1304,DB00414
1305,DB05744
1306,DB07360
1307,DB08813
1308,DB01621
1309,DB07457
1310,DB03604
1311,Q9H306
1312,P22102
1313,DB08246
1314,DB00795
1315,DB01445
1316,DB08495
1317,Q9H4M7
1318,P47870
1319,DB00192
1320,DB07491
1321,Q16445
1322,Q16671
1323,DB05662
1324,DB00383
1325,DB01832
1326,P27986
1327,DB03792
1328,DB08065
1329,DB07857
1330,DB08489
1331,DB07107
1332,DB09053
1333,DB00360
1334,DB00350
1335,DB02662
1336,Q14003
1337,Q00975
1338,DB08762
1339,P51168
1340,DB08088
1341,DB04754
1342,DB04563
1343,DB08412
1344,DB04544
1345,DB04000
1346,P22748
1347,DB03081
1348,DB00884
1349,DB08128
1350,DB02691
1351,DB01424
1352,P42126
1353,DB04821
1354,DB04930
1355,P38484
1356,P49721
1357,P60880
1358,DB01357
1359,DB05359
1360,DB07093
1361,DB00868
1362,P48664
1363,DB03983
1364,P18545
1365,DB03890
1366,P28072
1367,Q9Y468
1368,DB07311
1369,Q92793
1370,P31151
1371,DB08430
1372,P68371
1373,DB07167
1374,DB07559
1375,DB08555
1376,DB00418
1377,DB00472
1378,DB03494
1379,DB03216
1380,P35080
1381,P21397
1382,DB00626
1383,Q9H252
1384,DB07447
1385,O00206
1386,Q8NEB9
1387,DB00145
1388,Q13443
1389,Q99062
1390,DB00066
1391,DB03754
1392,DB08891
1393,P24310
1394,P15260
1395,DB04345
1396,P14618
1397,DB06941
1398,Q5T601
1399,P32019
1400,DB08187
1401,Q99714
1402,DB06335
1403,DB00321
1404,Q9UJS0
1405,DB00843
1406,DB07485
1407,DB06612
1408,Q9H244
1409,DB07137
1410,P02585
1411,DB07156
1412,DB00277
1413,DB01205
1414,DB08658
1415,DB03589
1416,DB02919
1417,DB00382
1418,DB00683
1419,DB01132
1420,DB06980
1421,P55011
1422,DB05798
1423,P05452
1424,P19634
1425,DB00353
1426,DB01296
1427,DB03984
1428,P00167
1429,P09210
1430,P29377
1431,DB05101
1432,P42345
1433,P36897
1434,DB06852
1435,DB00943
1436,P01709
1437,DB02260
1438,Q9NZD2
1439,DB02166
1440,DB05838
1441,P01579
1442,DB08394
1443,DB03042
1444,DB04843
1445,DB03150
1446,P13498
1447,P02760
1448,DB08593
1449,DB00203
1450,P13726
1451,Q03426
1452,DB00404
1453,P51606
1454,P07947
1455,DB05351
1456,P51003
1457,DB00869
1458,DB04878
1459,DB00289
1460,DB03782
1461,DB01024
1462,P50750
1463,DB01071
1464,DB07289
1465,DB08162
1466,DB03092
1467,DB03623
1468,DB02107
1469,DB04285
1470,DB04974
1471,DB07126
1472,P31645
1473,DB02328
1474,DB00179
1475,Q13427
1476,DB09143
1477,P49619
1478,Q9UN76
1479,P62491
1480,P50213
1481,P33681
1482,DB00244
1483,DB07902
1484,DB02509
1485,P00558
1486,O95169
1487,Q9Y666
1488,DB04185
1489,P47712
1490,DB01202
1491,DB08881
1492,DB08696
1493,DB05036
1494,DB07821
1495,DB01964
1496,DB07593
1497,P08758
1498,DB00489
1499,DB01944
1500,P09211
1501,DB02277
1502,DB05488
1503,DB00731
1504,DB07196
1505,P36405
1506,P84098
1507,DB09026
1508,P17516
1509,DB02039
1510,P09601
1511,DB00913
1512,DB07368
1513,O60909
1514,DB00491
1515,DB06757
1516,DB08466
1517,DB01043
1518,P22459
1519,DB01745
1520,DB03428
1521,DB01597
1522,DB07480
1523,Q9BW92
1524,DB02697
1525,DB06899
1526,DB00459
1527,DB02548
1528,P25021
1529,DB07347
1530,DB01295
1531,DB00069
1532,DB00991
1533,DB01481
1534,DB04318
1535,DB08098
1536,Q15822
1537,Q14289
1538,DB04471
1539,DB07358
1540,DB07852
1541,DB08519
1542,DB09051
1543,Q9NSA2
1544,P31327
1545,Q8N1Q1
1546,DB00396
1547,DB07333
1548,DB08645
1549,P23284
1550,DB02396
1551,Q9Y694
1552,DB04816
1553,DB02197
1554,P48506
1555,DB08163
1556,DB06896
1557,DB06205
1558,DB06870
1559,DB04622
1560,DB07512
1561,DB02620
1562,DB04863
1563,O75460
1564,DB05201
1565,DB00041
1566,DB07380
1567,DB07382
1568,DB00293
1569,DB06848
1570,DB03956
1571,DB04287
1572,DB05457
1573,DB00782
1574,Q9Y691
1575,DB03442
1576,O75828
1577,P51160
1578,P29371
1579,DB00599
1580,DB00835
1581,DB03932
1582,DB01420
1583,DB05262
1584,P02743
1585,DB07537
1586,P07108
1587,DB03328
1588,P00966
1589,O75899
1590,DB05014
1591,DB01591
1592,DB00113
1593,DB03542
1594,DB08773
1595,P16233
1596,P21281
1597,DB00502
1598,DB01250
1599,DB03864
1600,DB03395
1601,DB07143
1602,DB05471
1603,Q9H2G2
1604,P20674
1605,DB03731
1606,DB03019
1607,DB04685
1608,DB07122
1609,O75879
1610,DB01094
1611,Q14994
1612,P05451
1613,DB00967
1614,DB05905
1615,DB04724
1616,P48544
1617,DB00464
1618,DB01708
1619,P08700
1620,DB01247
1621,Q9NY72
1622,DB08454
1623,P19224
1624,DB01394
1625,P20231
1626,Q13627
1627,P26196
1628,P48728
1629,DB00687
1630,DB07081
1631,P07585
1632,Q9H2P9
1633,DB05311
1634,DB08301
1635,P26447
1636,DB00582
1637,DB00243
1638,O95263
1639,DB08385
1640,DB02007
1641,DB08745
1642,DB01039
1643,DB06948
1644,DB00483
1645,DB01284
1646,DB02097
1647,Q12879
1648,DB08262
1649,P43003
1650,DB02479
1651,DB02607
1652,DB00865
1653,DB03314
1654,Q9BZZ2
1655,DB00526
1656,Q12756
1657,P35225
1658,Q8IWT1
1659,DB01148
1660,DB05037
1661,DB05358
1662,DB03396
1663,DB04068
1664,DB02528
1665,DB04838
1666,O60294
1667,DB01055
1668,DB02249
1669,DB00310
1670,DB01929
1671,DB08775
1672,P00915
1673,Q9Y5Y4
1674,Q14494
1675,DB06729
1676,Q00169
1677,DB00897
1678,P08697
1679,DB00193
1680,P09429
1681,DB03185
1682,DB01151
1683,Q6ZQY3
1684,DB06697
1685,DB00072
1686,DB00122
1687,DB02902
1688,DB00771
1689,Q969S8
1690,DB04036
1691,DB07274
1692,P07437
1693,DB06844
1694,DB02837
1695,DB07033
1696,DB07014
1697,DB01525
1698,P18440
1699,Q14376
1700,DB05804
1701,DB07400
1702,Q03393
1703,DB00391
1704,DB00349
1705,DB02395
1706,DB09043
1707,P28332
1708,DB07908
1709,DB03968
1710,P68366
1711,P10275
1712,DB08583
1713,DB07798
1714,P23945
1715,DB03557
1716,P10176
1717,DB05848
1718,P24666
1719,DB05022
1720,DB01933
1721,DB08729
1722,DB08352
1723,Q9Y6K0
1724,P41240
1725,P45880
1726,P00533
1727,DB05470
1728,DB00173
1729,DB00358
1730,Q9BVA1
1731,P01892
1732,P46597
1733,P07550
1734,Q96GD0
1735,DB04027
1736,DB08461
1737,DB07794
1738,DB07749
1739,P11678
1740,DB00977
1741,DB06999
1742,DB07074
1743,P50281
1744,DB03525
1745,DB03026
1746,DB07862
1747,DB06854
1748,DB06733
1749,DB04410
1750,DB02573
1751,Q08426
1752,DB04374
1753,DB04348
1754,P11177
1755,Q96EY8
1756,DB00480
1757,DB02932
1758,DB01535
1759,DB01232
1760,DB06875
1761,P08473
1762,DB06972
1763,P50406
1764,DB01175
1765,Q07001
1766,Q16134
1767,DB01712
1768,O14717
1769,DB04680
1770,DB00824
1771,DB04105
1772,P04004
1773,DB01656
1774,DB02014
1775,O14556
1776,DB05920
1777,DB06813
1778,DB00756
1779,DB06916
1780,DB04426
1781,DB03413
1782,DB00987
1783,P09110
1784,DB02494
1785,O75676
1786,P48651
1787,DB03351
1788,P14784
1789,DB00501
1790,DB02342
1791,O14949
1792,DB01835
1793,DB04719
1794,DB00533
1795,DB02109
1796,DB09272
1797,P27816
1798,P31937
1799,DB08903
1800,DB01257
1801,DB00031
1802,DB00167
1803,DB08527
1804,P54710
1805,DB00095
1806,P40238
1807,DB09080
1808,P30153
1809,DB01908
1810,P11474
1811,P48775
1812,DB04557
1813,DB08424
1814,P08253
1815,P22570
1816,DB07987
1817,DB07419
1818,DB02021
1819,DB07944
1820,DB00770
1821,DB04125
1822,DB09033
1823,P26572
1824,P29460
1825,P31949
1826,P08519
1827,DB00284
1828,DB06964
1829,Q96GR2
1830,DB00527
1831,P51649
1832,Q96RD7
1833,Q6NUM9
1834,DB00650
1835,Q969I3
1836,DB07942
1837,DB06077
1838,P06746
1839,DB01754
1840,DB01226
1841,DB05448
1842,DB08597
1843,DB08270
1844,DB02072
1845,DB05736
1846,DB03425
1847,DB07276
1848,DB03128
1849,DB02987
1850,DB07548
1851,DB03359
1852,DB04912
1853,O15264
1854,P11172
1855,O95168
1856,DB00937
1857,DB04850
1858,Q9NVS9
1859,DB01158
1860,P45381
1861,DB00385
1862,P80188
1863,DB04895
1864,DB08360
1865,DB01667
1866,DB04021
1867,DB07779
1868,P20711
1869,DB03606
1870,DB04801
1871,P13674
1872,O14936
1873,Q9HCS2
1874,P08048
1875,DB01497
1876,DB00976
1877,DB06909
1878,DB04653
1879,DB02779
1880,Q9GZU7
1881,DB01398
1882,DB01750
1883,P62508
1884,DB08402
1885,P19404
1886,DB07676
1887,DB00630
1888,DB08118
1889,DB02205
1890,DB02177
1891,Q6W5P4
1892,P10114
1893,DB00616
1894,P07711
1895,DB00988
1896,DB05297
1897,DB00467
1898,P20333
1899,DB02519
1900,DB07177
1901,DB00881
1902,DB07659
1903,DB00499
1904,DB04461
1905,Q14432
1906,DB07261
1907,DB00261
1908,DB07225
1909,P26640
1910,DB05227
1911,DB04703
1912,P15391
1913,DB08347
1914,Q9HAW8
1915,DB00032
1916,DB00829
1917,DB06981
1918,P29218
1919,DB00194
1920,DB07701
1921,DB02379
1922,DB08588
1923,DB08291
1924,DB04472
1925,P41235
1926,DB01288
1927,DB00735
1928,O75908
1929,DB04733
1930,DB02250
1931,Q13085
1932,DB04662
1933,DB07168
1934,DB03292
1935,P18825
1936,DB06869
1937,DB04069
1938,P49019
1939,DB01870
1940,DB07647
1941,DB03907
1942,P15502
1943,DB03924
1944,P30041
1945,P18085
1946,DB02467
1947,P14410
1948,Q9P2R7
1949,DB00768
1950,DB06926
1951,P05177
1952,DB01017
1953,Q6P093
1954,DB03372
1955,DB04083
1956,P11217
1957,Q99470
1958,DB03879
1959,DB08562
1960,P24394
1961,DB05679
1962,DB03536
1963,DB04017
1964,DB07207
1965,DB03311
1966,DB04491
1967,DB08153
1968,Q96AZ6
1969,DB02371
1970,DB08572
1971,P05121
1972,DB08676
1973,DB03501
1974,DB08093
1975,DB08784
1976,DB08473
1977,P08842
1978,DB04751
1979,P19835
1980,P30419
1981,DB06603
1982,DB00579
1983,Q13002
1984,DB02045
1985,Q9H4B7
1986,P00414
1987,DB00854
1988,DB00703
1989,DB02795
1990,Q07699
1991,DB01823
1992,DB06871
1993,P00519
1994,DB08235
1995,DB01234
1996,Q96LB9
1997,DB02510
1998,DB02366
1999,P08865
2000,DB08848
2001,DB04505
2002,DB05424
2003,Q13509
2004,DB01771
2005,P20292
2006,DB07113
2007,P13866
2008,Q9UI33
2009,DB06866
2010,DB00318
2011,DB02445
2012,DB01400
2013,DB08491
2014,DB00534
2015,DB02594
2016,DB01439
2017,Q9UJM8
2018,DB00105
2019,DB07628
2020,O00222
2021,P35030
2022,Q15382
2023,P34096
2024,DB03192
2025,DB07021
2026,P14061
2027,DB07900
2028,P41143
2029,P05556
2030,DB00468
2031,DB04926
2032,DB07134
2033,P27797
2034,DB02589
2035,Q9BQB6
2036,DB04581
2037,Q9UNX9
2038,DB00674
2039,P11586
2040,DB00010
2041,DB04269
2042,DB06155
2043,DB02264
2044,P04798
2045,P36896
2046,DB00698
2047,DB08746
2048,DB07303
2049,DB04327
2050,O00763
2051,DB04678
2052,O43708
2053,Q14573
2054,P32297
2055,DB07922
2056,DB07501
2057,DB03349
2058,Q96I15
2059,P63027
2060,DB00611
2061,P08637
2062,DB05246
2063,P49589
2064,DB00191
2065,Q15788
2066,DB03686
2067,DB08114
2068,DB01409
2069,DB05004
2070,DB06439
2071,P08183
2072,P47989
2073,DB07974
2074,DB03451
2075,O95180
2076,DB02435
2077,P0CG47
2078,DB01349
2079,DB05131
2080,DB03158
2081,Q16270
2082,DB03448
2083,DB08174
2084,DB00963
2085,DB01454
2086,DB02262
2087,P11926
2088,DB03382
2089,DB08416
2090,DB00623
2091,P33527
2092,DB08516
2093,DB04612
2094,DB04389
2095,Q12797
2096,DB08362
2097,P00748
2098,DB08370
2099,DB02622
2100,DB04593
2101,DB01614
2102,P61024
2103,DB05010
2104,DB04797
2105,DB08143
2106,P48060
2107,P02775
2108,DB05207
2109,Q02156
2110,DB05147
2111,DB09202
2112,P25092
2113,DB01979
2114,P31153
2115,P02747
2116,DB06774
2117,P02763
2118,DB06969
2119,Q99661
2120,DB01324
2121,DB04072
2122,DB03740
2123,DB06655
2124,O15143
2125,DB00673
2126,DB04934
2127,DB09030
2128,DB03541
2129,P20783
2130,DB08141
2131,DB08477
2132,Q92952
2133,DB04055
2134,DB00247
2135,DB05509
2136,DB04961
2137,DB03944
2138,DB03305
2139,Q02817
2140,DB04014
2141,P49765
2142,P30926
2143,DB00232
2144,DB01370
2145,DB02884
2146,DB04043
2147,Q96GD3
2148,DB00732
2149,DB01032
2150,DB08479
2151,Q12866
2152,Q9BY32
2153,P57059
2154,P34130
2155,P11684
2156,DB02499
2157,DB02661
2158,DB08350
2159,DB07958
2160,DB07336
2161,DB06692
2162,DB08026
2163,Q06124
2164,DB08807
2165,Q15075
2166,DB01073
2167,DB05867
2168,DB01949
2169,DB01818
2170,DB05657
2171,DB04776
2172,P24752
2173,P07098
2174,DB00169
2175,DB04638
2176,P00742
2177,A5X5Y0
2178,DB03693
2179,DB00757
2180,P10646
2181,Q02763
2182,Q99624
2183,DB06825
2184,DB07936
2185,DB04080
2186,DB05501
2187,DB03194
2188,DB00780
2189,DB06694
2190,P51170
2191,DB03546
2192,DB08156
2193,DB08030
2194,DB03227
2195,P30988
2196,DB02165
2197,DB09035
2198,Q07864
2199,DB00889
2200,P02649
2201,DB08691
2202,DB01723
2203,P05166
2204,DB01208
2205,P10636
2206,DB03702
2207,DB07681
2208,Q9UQQ2
2209,P35408
2210,DB06958
2211,DB08391
2212,DB07312
2213,DB07602
2214,DB08752
2215,DB01269
2216,P43005
2217,DB05219
2218,DB07252
2219,P40306
2220,Q13423
2221,P16118
2222,P08319
2223,P07384
2224,DB08169
2225,Q5TDP6
2226,DB00030
2227,DB05386
2228,DB07092
2229,DB08705
2230,DB07121
2231,DB00359
2232,DB05389
2233,DB08894
2234,P14920
2235,O60493
2236,DB03496
2237,DB00421
2238,DB07140
2239,Q13936
2240,DB00951
2241,DB04306
2242,DB00942
2243,DB06372
2244,DB01766
2245,Q86VU5
2246,P05412
2247,DB05205
2248,DB09039
2249,DB00915
2250,DB04232
2251,Q9UQM7
2252,DB07692
2253,DB08763
2254,DB06772
2255,P04637
2256,DB05072
2257,DB01342
2258,DB01267
2259,DB03650
2260,P78362
2261,DB07257
2262,DB00011
2263,DB05490
2264,DB00590
2265,DB02084
2266,P17735
2267,DB06288
2268,Q16539
2269,O00264
2270,DB08006
2271,P54278
2272,P36959
2273,DB05284
2274,DB08801
2275,DB07812
2276,P06133
2277,DB00663
2278,P48736
2279,O14594
2280,DB00371
2281,DB07179
2282,DB08159
2283,DB03056
2284,DB00906
2285,DB03374
2286,DB01110
2287,DB04057
2288,DB03104
2289,DB00270
2290,DB02062
2291,Q13907
2292,DB09303
2293,Q13867
2294,DB08166
2295,P45984
2296,P17812
2297,DB05260
2298,O60895
2299,DB02552
2300,DB02930
2301,Q9NP99
2302,O95573
2303,P10912
2304,DB06127
2305,P09848
2306,DB03385
2307,DB02420
2308,DB08899
2309,DB00710
2310,DB07181
2311,DB00720
2312,DB01206
2313,P07686
2314,DB03035
2315,DB01431
2316,DB04617
2317,DB04824
2318,DB05053
2319,DB04512
2320,DB07888
2321,DB01760
2322,DB02091
2323,DB07513
2324,DB04927
2325,DB01737
2326,P34896
2327,DB09079
2328,DB00551
2329,DB07298
2330,DB03429
2331,P03372
2332,DB07029
2333,P23743
2334,DB08201
2335,DB00850
2336,DB01947
2337,Q9ULK0
2338,DB02101
2339,DB05029
2340,DB02773
2341,Q9NSD9
2342,DB00586
2343,P19021
2344,Q9UQF2
2345,DB01270
2346,O95907
2347,DB08595
2348,DB00343
2349,DB01728
2350,P41252
2351,DB02784
2352,DB02353
2353,DB08787
2354,DB07539
2355,DB04307
2356,DB02326
2357,P03952
2358,DB02311
2359,DB04088
2360,DB07906
2361,DB00928
2362,DB06938
2363,P20815
2364,DB00550
2365,DB03596
2366,DB03664
2367,DB05419
2368,DB02515
2369,DB04562
2370,DB00753
2371,DB00180
2372,DB06897
2373,O75911
2374,DB01252
2375,DB03695
2376,DB05130
2377,DB00515
2378,DB08142
2379,P36888
2380,DB04268
2381,DB04920
2382,O00341
2383,DB08624
2384,DB00230
2385,DB02359
2386,DB03390
2387,DB04054
2388,DB00798
2389,DB00316
2390,DB03595
2391,DB07232
2392,DB07847
2393,O60264
2394,Q9Y277
2395,Q9NUV7
2396,DB06708
2397,P10826
2398,P27815
2399,DB00061
2400,DB02466
2401,DB06943
2402,DB06957
2403,P49368
2404,P32119
2405,DB05282
2406,DB04585
2407,P08217
2408,DB02681
2409,DB00234
2410,DB04998
2411,DB07827
2412,P98160
2413,P51812
2414,DB00304
2415,Q9UN88
2416,DB08234
2417,DB06898
2418,O43681
2419,Q9BVG9
2420,DB01220
2421,DB02465
2422,P07510
2423,DB00368
2424,Q8TDS4
2425,Q7Z2Z2
2426,DB01091
2427,P22310
2428,DB03309
2429,DB08222
2430,DB02432
2431,P42262
2432,P04150
2433,DB01901
2434,DB04825
2435,DB00356
2436,DB02963
2437,P51589
2438,DB00143
2439,DB01009
2440,DB00028
2441,DB01958
2442,Q96SW2
2443,DB03781
2444,DB00900
2445,DB02297
2446,DB07094
2447,P08254
2448,DB05394
2449,DB00509
2450,DB08641
2451,DB00248
2452,DB02597
2453,DB02347
2454,Q9UDR5
2455,DB05111
2456,DB03807
2457,DB08190
2458,Q9Y697
2459,DB02296
2460,P98194
2461,P02776
2462,DB07309
2463,P28702
2464,DB00207
2465,O75015
2466,Q5JPH6
2467,DB01811
2468,DB08864
2469,DB06742
2470,DB01359
2471,P00747
2472,Q99933
2473,DB07208
2474,P20138
2475,Q92781
2476,DB03062
2477,DB01761
2478,DB01237
2479,Q15800
2480,DB00716
2481,DB08755
2482,O76082
2483,DB02974
2484,P0CG22
2485,DB01579
2486,P01303
2487,DB04465
2488,DB07048
2489,DB08539
2490,Q9UJ70
2491,Q8TDV5
2492,DB06931
2493,Q6TME4
2494,DB07470
2495,DB04214
2496,Q9NS40
2497,Q9GZZ6
2498,DB00864
2499,DB00796
2500,DB03805
2501,DB04783
2502,DB00587
2503,DB04016
2504,DB01197
2505,DB00872
2506,O15144
2507,P54289
2508,DB01961
2509,DB02570
2510,Q14957
2511,DB04224
2512,DB07145
2513,DB07193
2514,DB03424
2515,P28074
2516,P49821
2517,P15121
2518,DB01890
2519,Q16568
2520,DB03925
2521,DB03125
2522,DB06766
2523,DB00408
2524,Q9BV57
2525,P08912
2526,DB03317
2527,P48048
2528,DB07731
2529,P32418
2530,DB03127
2531,DB00086
2532,DB04311
2533,DB05801
2534,DB08688
2535,DB06413
2536,Q00534
2537,DB04249
2538,DB03987
2539,Q9Y289
2540,DB01842
2541,DB00627
2542,DB07522
2543,DB08382
2544,DB08410
2545,P35462
2546,P06731
2547,Q9NZL9
2548,Q16836
2549,DB07080
2550,DB08789
2551,P01768
2552,DB00779
2553,DB07423
2554,DB07313
2555,DB07063
2556,DB00863
2557,DB02935
2558,P00973
2559,DB03721
2560,DB01078
2561,DB07342
2562,DB08837
2563,DB07051
2564,DB04577
2565,DB00235
2566,DB05218
2567,DB05066
2568,DB07707
2569,DB05495
2570,DB04462
2571,DB02643
2572,DB08826
2573,DB04905
2574,DB07785
2575,DB07555
2576,DB08462
2577,DB00309
2578,DB01098
2579,DB00727
2580,O43451
2581,DB07586
2582,DB07425
2583,P18089
2584,DB05745
2585,Q9Y259
2586,DB04397
2587,DB02049
2588,DB00672
2589,DB04856
2590,DB03588
2591,Q9NR19
2592,DB01692
2593,DB00187
2594,DB07509
2595,DB07479
2596,Q9UHC3
2597,DB01025
2598,DB07258
2599,DB08695
2600,DB07294
2601,P19784
2602,DB05161
2603,DB07931
2604,DB05229
2605,DB04044
2606,P05546
2607,P20132
2608,DB08357
2609,DB08596
2610,P50747
2611,DB00709
2612,DB05816
2613,P56192
2614,Q9HCR9
2615,Q8TCC7
2616,DB02016
2617,P23258
2618,DB01407
2619,DB08809
2620,DB08033
2621,DB08049
2622,P04070
2623,DB05243
2624,DB04803
2625,DB04235
2626,DB06720
2627,P54687
2628,DB07561
2629,DB00978
2630,DB02555
2631,Q01581
2632,P47871
2633,DB00231
2634,P78330
2635,DB01381
2636,Q16831
2637,P10745
2638,DB07295
2639,DB02859
2640,DB06207
2641,P01920
2642,DB04454
2643,DB02679
2644,DB07263
2645,P02679
2646,DB07227
2647,DB06920
2648,DB08504
2649,DB03850
2650,Q96MA6
2651,O95622
2652,DB04008
2653,DB00841
2654,DB08818
2655,P63000
2656,DB03443
2657,P43403
2658,DB08590
2659,DB08882
2660,P25786
2661,DB00370
2662,DB00653
2663,P15309
2664,DB07320
2665,DB03581
2666,P49763
2667,DB08531
2668,P25789
2669,DB07269
2670,DB08236
2671,DB07977
2672,DB03891
2673,DB03957
2674,Q6PKH6
2675,P08172
2676,DB00712
2677,P41597
2678,P01009
2679,DB09069
2680,DB01188
2681,DB04661
2682,DB06695
2683,P10606
2684,DB08040
2685,P04053
2686,DB03509
2687,DB00909
2688,DB09242
2689,O95749
2690,Q14833
2691,DB01159
2692,DB02763
2693,DB04316
2694,DB08244
2695,DB00759
2696,DB00980
2697,DB08355
2698,DB00665
2699,DB00607
2700,Q13526
2701,DB07662
2702,DB01361
2703,P63098
2704,DB00333
2705,DB02267
2706,DB07396
2707,P14174
2708,DB07112
2709,P00568
2710,Q14534
2711,DB00950
2712,DB01264
2713,DB03297
2714,DB04841
2715,DB01678
2716,P02746
2717,DB02239
2718,Q8NI22
2719,DB02143
2720,DB06770
2721,DB02646
2722,DB00311
2723,P14207
2724,DB07594
2725,DB05217
2726,DB04919
2727,DB07596
2728,DB03028
2729,O60427
2730,DB04272
2731,DB02989
2732,P00480
2733,O60779
2734,O15269
2735,Q96L21
2736,DB01214
2737,Q6ZMR3
2738,DB08312
2739,DB05692
2740,P17658
2741,Q9BW91
2742,DB00178
2743,P53611
2744,DB00981
2745,P31995
2746,Q9H1R3
2747,DB05435
2748,DB04690
2749,DB01622
2750,P16219
2751,DB01356
2752,DB07845
2753,Q14181
2754,DB01178
2755,DB02936
2756,DB07755
2757,DB01990
2758,DB01599
2759,DB08476
2760,DB08091
2761,DB00968
2762,DB04203
2763,P61626
2764,Q9Y6M4
2765,DB08493
2766,DB06734
2767,DB07039
2768,Q92934
2769,DB07515
2770,DB04606
2771,P48357
2772,DB00132
2773,P05089
2774,P00367
2775,DB07461
2776,DB07233
2777,DB08346
2778,DB01005
2779,P18405
2780,DB04447
2781,DB04418
2782,DB00784
2783,DB03796
2784,O14957
2785,DB07877
2786,Q32P28
2787,DB05324
2788,DB08019
2789,DB08052
2790,Q9NYK1
2791,Q7Z406
2792,DB00469
2793,DB03008
2794,P36507
2795,DB07028
2796,DB07067
2797,DB02375
2798,DB00161
2799,Q9NZ42
2800,DB06643
2801,Q9HCC0
2802,DB08353
2803,DB07875
2804,Q9Y5Y9
2805,Q9UNA0
2806,DB02833
2807,Q9UKM7
2808,DB02938
2809,P47872
2810,DB07223
2811,DB00495
2812,DB00537
2813,DB04652
2814,P02741
2815,DB05309
2816,P23297
2817,Q6UWP2
2818,DB06094
2819,DB08794
2820,Q96CD2
2821,DB01174
2822,DB03439
2823,O95665
2824,P33151
2825,DB04881
2826,DB07377
2827,DB08028
2828,DB00177
2829,DB08349
2830,Q16772
2831,DB08700
2832,Q9UDX4
2833,DB04566
2834,DB05032
2835,DB05443
2836,DB08632
2837,DB00305
2838,DB02132
2839,DB00336
2840,P35869
2841,DB07685
2842,P11387
2843,DB00126
2844,DB03866
2845,DB00622
2846,P22557
2847,P30049
2848,P42898
2849,DB00592
2850,DB08229
2851,DB03707
2852,DB07653
2853,DB01410
2854,DB02148
2855,DB05069
2856,DB08066
2857,P37088
2858,DB07030
2859,Q14721
2860,DB04244
2861,DB01103
2862,DB01231
2863,DB08125
2864,DB05469
2865,P21695
2866,DB07604
2867,DB08647
2868,P14868
2869,DB06845
2870,DB00498
2871,DB07524
2872,DB01272
2873,DB05215
2874,DB03951
2875,DB07846
2876,DB04831
2877,P07864
2878,DB01541
2879,DB02258
2880,DB00972
2881,DB02095
2882,DB06940
2883,P23921
2884,DB00022
2885,DB08070
2886,DB01393
2887,DB00500
2888,P05023
2889,DB00860
2890,DB08256
2891,P61278
2892,DB05890
2893,DB07089
2894,DB00320
2895,DB00269
2896,DB08734
2897,DB02187
2898,DB00129
2899,P02778
2900,DB04973
2901,DB07010
2902,DB06073
2903,P43220
2904,DB01114
2905,DB04889
2906,DB00455
2907,DB02733
2908,P23677
2909,O95363
2910,DB02796
2911,DB07605
2912,P31939
2913,DB00416
2914,DB07127
2915,P19235
2916,DB02497
2917,DB05759
2918,DB08082
2919,DB01827
2920,DB09073
2921,DB06879
2922,DB07205
2923,DB01765
2924,DB02255
2925,DB02751
2926,DB08356
2927,P48549
2928,DB07172
2929,DB01007
2930,P19105
2931,DB00540
2932,DB08305
2933,Q02318
2934,DB00679
2935,DB01589
2936,DB03732
2937,Q8NBQ5
2938,DB08692
2939,Q9UG56
2940,DB08123
2941,DB08276
2942,DB07189
2943,Q16651
2944,DB00351
2945,DB02610
2946,DB00482
2947,DB06857
2948,DB00801
2949,Q9BWD1
2950,DB04679
2951,DB01940
2952,Q9UNI1
2953,DB05864
2954,DB07458
2955,DB08765
2956,DB03937
2957,DB08484
2958,DB07284
2959,P16444
2960,DB02336
2961,P27169
2962,P10644
2963,DB04659
2964,Q03154
2965,Q7L0J3
2966,Q8N0U8
2967,Q6N063
2968,P19367
2969,Q15119
2970,DB05165
2971,P04181
2972,DB07387
2973,DB06070
2974,DB02894
2975,DB07854
2976,DB04931
2977,DB00543
2978,DB07740
2979,DB03220
2980,DB07255
2981,DB00946
2982,DB07677
2983,DB00220
2984,DB09037
2985,DB00907
2986,DB00747
2987,DB05198
2988,DB01710
2989,DB04775
2990,DB00820
2991,DB01067
2992,Q9UMX2
2993,DB04835
2994,DB06929
2995,P09488
2996,P52895
2997,DB05171
2998,DB06728
2999,DB07292
3000,DB07964
3001,P12883
3002,DB00916
3003,Q8NFW8
3004,P00441
3005,DB00176
3006,DB04896
3007,P04839
3008,DB07881
3009,DB07929
3010,P11137
3011,DB00412
3012,DB06271
3013,Q9UKV0
3014,P51970
3015,DB03114
3016,DB03667
3017,P28472
3018,Q14643
3019,DB03767
3020,DB04960
3021,O14788
3022,DB07003
3023,P14598
3024,P20839
3025,DB01179
3026,Q15120
3027,P49588
3028,DB04578
3029,DB02759
3030,O15399
3031,DB08232
3032,DB05423
3033,DB08635
3034,DB07809
3035,DB02952
3036,DB01435
3037,DB07395
3038,P21917
3039,DB00688
3040,Q03403
3041,DB03041
3042,DB05412
3043,DB03490
3044,Q71U36
3045,DB01440
3046,DB07656
3047,DB01962
3048,DB00984
3049,DB07025
3050,O15379
3051,DB07769
3052,DB08564
3053,DB01611
3054,Q8IYQ7
3055,DB01992
3056,DB00352
3057,DB01373
3058,DB03270
3059,P43681
3060,P22303
3061,DB00744
3062,DB00170
3063,DB07751
3064,P13929
3065,DB02979
3066,DB08214
3067,P07307
3068,Q9NQ25
3069,P27487
3070,DB06203
3071,DB05422
3072,DB05407
3073,DB06888
3074,DB04444
3075,Q6NXR0
3076,Q02252
3077,DB00877
3078,P11274
3079,O00180
3080,DB05452
3081,DB07128
3082,P09086
3083,DB05314
3084,DB03376
3085,DB00342
3086,DB08249
3087,DB06700
3088,DB07913
3089,DB04463
3090,DB00379
3091,DB04829
3092,DB02402
3093,P01023
3094,DB00339
3095,DB05212
3096,DB02830
3097,Q8NG66
3098,Q9Y2Q3
3099,DB03040
3100,DB01278
3101,Q9HBL8
3102,DB01369
3103,DB00761
3104,DB05137
3105,DB05494
3106,P25098
3107,P33316
3108,P30837
3109,DB01380
3110,DB07340
3111,DB04144
3112,Q13956
3113,DB00528
3114,DB01354
3115,DB04367
3116,DB06764
3117,DB00068
3118,DB03459
3119,Q9Y478
3120,DB00454
3121,DB00427
3122,DB09570
3123,DB07684
3124,P04632
3125,Q16798
3126,P28908
3127,DB03672
3128,DB01271
3129,DB05012
3130,DB07919
3131,DB00755
3132,P42684
3133,DB07967
3134,DB03766
3135,DB06691
3136,DB07105
3137,DB05465
3138,DB04424
3139,DB00357
3140,DB08151
3141,DB02310
3142,DB08914
3143,P51570
3144,DB08072
3145,DB03106
3146,P48065
3147,P01112
3148,Q08462
3149,DB07277
3150,DB06756
3151,DB00584
3152,P40616
3153,DB08480
3154,DB07015
3155,DB00764
3156,DB00580
3157,O00408
3158,DB05271
3159,DB04899
3160,DB01711
3161,DB06698
3162,DB00007
3163,P18509
3164,DB07244
3165,DB05362
3166,DB03344
3167,P54886
3168,DB02840
3169,DB06983
3170,DB03597
3171,DB07544
3172,P17612
3173,P27708
3174,DB00675
3175,DB04779
3176,DB00281
3177,Q02127
3178,DB04866
3179,DB05026
3180,DB01955
3181,DB00089
3182,DB04495
3183,DB09128
3184,DB02175
3185,P32239
3186,Q96PR1
3187,DB07243
3188,DB02889
3189,DB01351
3190,DB00280
3191,DB01905
3192,DB07842
3193,P12259
3194,DB00898
3195,DB05824
3196,DB07013
3197,DB02235
3198,P49286
3199,Q96I59
3200,P00491
3201,DB08828
3202,DB03867
3203,DB04770
3204,Q99798
3205,DB03465
3206,DB03332
3207,DB01337
3208,DB00047
3209,DB04894
3210,DB02966
3211,DB07985
3212,DB07203
3213,DB06366
3214,Q9UI09
3215,DB07115
3216,DB05812
3217,DB02367
3218,DB08901
3219,DB03477
3220,DB01433
3221,DB03084
3222,DB01041
3223,DB04525
3224,DB07534
3225,DB02850
3226,DB00844
3227,DB05506
3228,DB01628
3229,DB04350
3230,DB08194
3231,Q9UKG9
3232,DB05191
3233,Q07869
3234,DB01404
3235,DB00266
3236,P19429
3237,Q96NR8
3238,DB01396
3239,P21912
3240,DB08280
3241,DB08339
3242,DB00374
3243,DB00564
3244,P41595
3245,DB07943
3246,DB01204
3247,DB08126
3248,P06126
3249,Q14627
3250,DB03021
3251,DB07079
3252,P51687
3253,DB04440
3254,DB03135
3255,DB02266
3256,DB07095
3257,DB05291
3258,DB04297
3259,DB07384
3260,DB04466
3261,DB06951
3262,DB00631
3263,DB00847
3264,DB01119
3265,DB08651
3266,DB07739
3267,P48147
3268,DB07713
3269,DB05417
3270,DB03449
3271,P20339
3272,DB05079
3273,DB00181
3274,DB01805
3275,Q01362
3276,DB07175
3277,DB01183
3278,DB08152
3279,DB02383
3280,P54317
3281,DB04964
3282,DB02114
3283,DB07022
3284,DB00337
3285,P46926
3286,DB02048
3287,P31751
3288,DB00224
3289,DB00139
3290,DB05892
3291,DB01694
3292,P54577
3293,DB04915
3294,DB03121
3295,Q99519
3296,DB00215
3297,DB06923
3298,DB00866
3299,P49916
3300,P34969
3301,DB01306
3302,DB00195
3303,DB04218
3304,DB02721
3305,DB00532
3306,DB01353
3307,Q14032
3308,Q86UW8
3309,DB00806
3310,DB04448
3311,Q16718
3312,DB08739
3313,DB08203
3314,DB08368
3315,DB04076
3316,DB08873
3317,P23219
3318,O14920
3319,DB08097
3320,P37059
3321,P19440
3322,DB08240
3323,DB03948
3324,DB06944
3325,DB07920
3326,P78527
3327,DB07660
3328,DB01647
3329,DB01320
3330,DB03365
3331,DB07467
3332,DB05749
3333,DB03909
3334,DB03729
3335,DB00680
3336,DB03535
3337,P63092
3338,P49761
3339,DB03052
3340,P21796
3341,P48637
3342,DB03023
3343,DB08877
3344,P01617
3345,Q16853
3346,P53667
3347,DB07514
3348,DB01833
3349,O75390
3350,DB08184
3351,P18507
3352,DB02481
3353,DB06868
3354,Q9Y617
3355,DB03680
3356,DB05428
3357,P11802
3358,P49448
3359,P05305
3360,DB04700
3361,DB03020
3362,DB05882
3363,DB00002
3364,Q9NP56
3365,P34741
3366,DB03405
3367,DB07375
3368,DB04213
3369,DB05740
3370,DB00733
3371,DB05210
3372,DB08078
3373,DB03608
3374,DB00685
3375,DB02803
3376,DB07966
3377,DB08574
3378,Q86YB8
3379,DB00979
3380,Q05329
3381,DB04940
3382,DB08175
3383,DB01626
3384,DB04518
3385,Q96DP5
3386,DB01559
3387,DB07598
3388,DB00222
3389,DB04451
3390,Q8N543
3391,DB00369
3392,P45877
3393,DB03193
3394,O95838
3395,DB08808
3396,P17174
3397,Q13838
3398,DB00115
3399,DB04956
3400,DB06684
3401,DB05398
3402,DB07760
3403,DB00252
3404,DB04556
3405,Q8TED1
3406,DB06911
3407,DB07917
3408,DB02052
3409,DB00074
3410,O95237
3411,DB08273
3412,DB06726
3413,DB06707
3414,DB05003
3415,DB04886
3416,DB00642
3417,DB01079
3418,DB02868
3419,DB07020
3420,Q9Y3I0
3421,DB00474
3422,DB04275
3423,P16442
3424,DB00444
3425,DB00214
3426,DB02393
3427,P23109
3428,DB01564
3429,DB04908
3430,DB00966
3431,P19320
3432,DB04485
3433,DB02710
3434,P48029
3435,DB00008
3436,P41145
3437,DB08322
3438,Q99735
3439,DB05099
3440,DB03510
3441,P36542
3442,DB00962
3443,P35913
3444,DB05256
3445,DB08860
3446,DB00025
3447,DB00891
3448,P04040
3449,DB01217
3450,P69905
3451,DB06282
3452,P16070
3453,DB08287
3454,DB04759
3455,DB02373
3456,Q9UDW1
3457,DB00645
3458,DB07036
3459,P12429
3460,DB00706
3461,P02751
3462,DB04614
3463,DB00083
3464,P19113
3465,DB03267
3466,DB01411
3467,DB00428
3468,DB05155
3469,DB04434
3470,DB03727
3471,DB00697
3472,DB01860
3473,DB08302
3474,DB00740
3475,DB00151
3476,DB02741
3477,DB07209
3478,DB00905
3479,P43007
3480,DB07859
3481,P07237
3482,DB00702
3483,DB03006
3484,P48058
3485,DB02659
3486,DB00985
3487,DB00778
3488,Q92696
3489,DB04792
3490,DB01873
3491,DB00201
3492,DB07431
3493,DB00058
3494,DB06861
3495,DB01268
3496,P59796
3497,DB00625
3498,DB05013
3499,DB00106
3500,Q99447
3501,DB02541
3502,DB08626
3503,DB04738
3504,DB02740
3505,DB03551
3506,DB01839
3507,DB03480
3508,DB08396
3509,DB01162
3510,DB05142
3511,DB05073
3512,DB07708
3513,DB02018
3514,Q13131
3515,DB02942
3516,DB04767
3517,Q16877
3518,DB08429
3519,P00374
3520,DB07068
3521,Q9NVH6
3522,DB01437
3523,DB07579
3524,P20309
3525,DB00150
3526,DB03383
3527,DB00520
3528,DB06928
3529,DB02345
3530,P62714
3531,P53597
3532,DB01615
3533,O00142
3534,DB06274
3535,O00555
3536,P35749
3537,DB02112
3538,DB05739
3539,P53350
3540,Q8WYK2
3541,DB06936
3542,P00505
3543,Q07021
3544,DB07401
3545,O43923
3546,P00395
3547,P35372
3548,DB02557
3549,O95644
3550,DB03329
3551,P17050
3552,DB00917
3553,DB08568
3554,DB06636
3555,P30711
3556,P14735
3557,O75746
3558,Q9H3S4
3559,P62993
3560,DB07144
3561,P49759
3562,Q9Y6L6
3563,DB07357
3564,DB00260
3565,P35968
3566,DB09052
3567,Q9ULX7
3568,DB00939
3569,Q9UPY5
3570,DB00102
3571,Q99250
3572,Q96GW9
3573,DB01116
3574,P30536
3575,DB06822
3576,DB03153
3577,DB06932
3578,DB01046
3579,Q9UIC8
3580,P01138
3581,DB07482
3582,DB05492
3583,Q9NZK7
3584,DB02745
3585,DB06594
3586,DB08486
3587,P05113
3588,DB01194
3589,P10253
3590,DB06834
3591,DB04888
3592,P15144
3593,DB06681
3594,DB01100
3595,DB07100
3596,DB04081
3597,DB06741
3598,DB00104
3599,DB04173
3600,DB02422
3601,DB04379
3602,Q9UKL6
3603,DB08642
3604,DB08482
3605,P08908
3606,P34972
3607,DB06204
3608,P07333
3609,Q96KC2
3610,DB02988
3611,O00519
3612,O00244
3613,DB04223
3614,DB00415
3615,DB00767
3616,DB09076
3617,DB05295
3618,P08729
3619,Q08828
3620,DB02259
3621,DB00921
3622,DB00654
3623,DB06168
3624,DB07106
3625,DB01113
3626,DB05879
3627,Q15166
3628,DB08615
3629,DB04094
3630,P52333
3631,DB03554
3632,DB07371
3633,DB00493
3634,DB04270
3635,DB03326
3636,DB07260
3637,O60931
3638,DB01767
3639,DB00162
3640,DB08333
3641,DB01099
3642,DB07912
3643,DB01640
3644,DB01520
3645,P41231
3646,DB00990
3647,DB00571
3648,P04745
3649,DB04337
3650,DB03483
3651,DB06678
3652,DB02118
3653,P09693
3654,DB00497
3655,DB05451
3656,DB08703
3657,DB04857
3658,DB03222
3659,P09622
3660,DB09559
3661,DB01227
3662,Q8IVL5
3663,P42261
3664,DB00332
3665,Q13362
3666,P12724
3667,DB01106
3668,DB08015
3669,DB03568
3670,DB02354
3671,P14324
3672,DB00365
3673,DB00858
3674,DB02986
3675,DB01946
3676,DB07406
3677,P30825
3678,P07202
3679,Q07973
3680,DB00219
3681,DB07307
3682,DB04574
3683,DB00775
3684,DB03844
3685,P30291
3686,DB01127
3687,DB00804
3688,Q9Y3D2
3689,DB07210
3690,DB05120
3691,O60894
3692,Q6P996
3693,DB08610
3694,DB03708
3695,DB07545
3696,DB03612
3697,DB07119
3698,DB02483
3699,DB08047
3700,P43155
3701,Q16222
3702,DB06738
3703,P23280
3704,DB06956
3705,P30613
3706,DB05712
3707,DB04618
3708,Q8NET8
3709,Q6IA69
3710,DB00875
3711,DB04929
3712,P32927
3713,DB08021
3714,DB00973
3715,DB03253
3716,DB02950
3717,DB04854
3718,DB00331
3719,DB00147
3720,DB02538
3721,DB06892
3722,Q86Y39
3723,DB04588
3724,DB01084
3725,DB03587
3726,DB00419
3727,DB02648
3728,DB08819
3729,DB08490
3730,DB02822
3731,P13196
3732,DB08130
3733,DB07822
3734,Q06278
3735,DB01594
3736,DB08449
3737,P61587
3738,DB00825
3739,DB00536
3740,DB05404
3741,DB02977
3742,DB08742
3743,Q8TE23
3744,P34913
3745,P29803
3746,DB05481
3747,DB02550
3748,O75762
3749,DB08250
3750,DB02869
3751,DB02929
3752,P35346
3753,DB05232
3754,Q9BTZ2
3755,DB00005
3756,DB00242
3757,P12319
3758,DB05157
3759,DB05895
3760,P35241
3761,O75469
3762,DB08326
3763,DB00695
3764,P78329
3765,DB08916
3766,Q92876
3767,DB08043
3768,DB04682
3769,P11233
3770,P01024
3771,DB07235
3772,DB07132
3773,Q7Z4J2
3774,DB02046
3775,DB08374
3776,DB08900
3777,DB01963
3778,DB00335
3779,P04211
3780,DB01966
3781,O75311
3782,DB06984
3783,DB01741
3784,P07360
3785,DB00439
3786,Q96EM0
3787,P19878
3788,DB03555
3789,DB08233
3790,DB00659
3791,DB09065
3792,DB01186
3793,DB01283
3794,DB01684
3795,DB07130
3796,Q96A70
3797,P59998
3798,P35222
3799,DB06930
3800,DB03186
3801,DB03609
3802,DB03615
3803,DB01583
3804,DB08771
3805,DB08170
3806,Q9HAW9
3807,DB00001
3808,DB07623
3809,DB03144
3810,DB06843
3811,DB00021
3812,P09466
3813,DB08293
3814,P04054
3815,DB06212
3816,Q9GZP0
3817,P22392
3818,O95264
3819,P03897
3820,DB03865
3821,DB04013
3822,P25963
3823,DB02462
3824,P13945
3825,Q16515
3826,DB00982
3827,DB01996
3828,DB02226
3829,DB06287
3830,P01744
3831,DB05307
3832,DB09049
3833,DB03982
3834,DB08038
3835,DB02527
3836,DB04758
3837,Q96P88
3838,P28482
3839,Q9Y6M9
3840,DB02152
3841,DB03660
3842,DB08418
3843,Q05397
3844,DB08643
3845,DB05771
3846,Q99835
3847,DB06097
3848,DB05162
3849,DB08779
3850,DB02818
3851,Q7L266
3852,DB08406
3853,O43677
3854,DB07326
3855,DB07969
3856,DB00823
3857,DB03109
3858,P36952
3859,DB01892
3860,DB04828
3861,DB04006
3862,DB04869
3863,P06729
3864,DB06804
3865,P32754
3866,DB04048
3867,Q7RTV2
3868,DB02106
3869,DB07147
3870,DB03120
3871,Q9NXE4
3872,DB04760
3873,DB08064
3874,O75438
3875,DB01171
3876,DB08237
3877,P00750
3878,P53674
3879,DB02983
3880,DB00424
3881,DB01254
3882,DB00899
3883,DB00819
3884,P11168
3885,DB00728
3886,Q15125
3887,P05091
3888,P55789
3889,DB02386
3890,DB00624
3891,DB01165
3892,DB05214
3893,DB02215
3894,DB05289
3895,P06744
3896,DB07082
3897,O95045
3898,DB01014
3899,DB07714
3900,DB00574
3901,DB08513
3902,DB02596
3903,DB07959
3904,DB02222
3905,DB03173
3906,P13073
3907,Q99808
3908,DB01090
3909,DB00640
3910,O60603
3911,DB06201
3912,DB01075
3913,DB00786
3914,DB05802
3915,DB05064
3916,DB01595
3917,P78536
3918,Q14123
3919,DB07527
3920,DB08054
3921,DB01780
3922,P15336
3923,DB00494
3924,DB03337
3925,DB06144
3926,DB00110
3927,DB02783
3928,DB08929
3929,DB07996
3930,P15538
3931,DB00475
3932,DB06947
3933,Q15796
3934,DB02901
3935,DB08538
3936,DB04147
3937,DB07641
3938,DB04772
3939,DB08875
3940,Q14353
3941,P29034
3942,DB08139
3943,P22460
3944,Q2M3G0
3945,DB04487
3946,DB05283
3947,DB04417
3948,DB08173
3949,Q04828
3950,Q86W47
3951,P35557
3952,DB00651
3953,Q03013
3954,DB03753
3955,P48507
3956,DB09031
3957,DB07783
3958,DB00668
3959,P32238
3960,O95178
3961,DB00131
3962,DB05049
3963,DB00734
3964,DB03202
3965,DB07836
3966,P30519
3967,DB03814
3968,DB04117
3969,DB09302
3970,DB07060
3971,P05067
3972,DB00327
3973,DB02824
3974,DB07680
3975,DB07550
3976,Q9P2J5
3977,DB05091
3978,Q15078
3979,DB05897
3980,DB00437
3981,Q9NR96
3982,DB07086
3983,DB02419
3984,DB08565
3985,P68133
3986,DB00519
3987,P80404
3988,DB07733
3989,DB02363
3990,DB07932
3991,DB05655
3992,DB07422
3993,DB08325
3994,DB00746
3995,DB08443
3996,DB08068
3997,DB03980
3998,DB09046
3999,DB02604
4000,DB01601
4001,DB01340
4002,DB01858
4003,DB08911
4004,DB08119
4005,DB07493
4006,DB02580
4007,DB00816
4008,DB07220
4009,DB04141
4010,P30405
4011,DB07237
4012,P13584
4013,DB03747
4014,DB00441
4015,DB04953
4016,DB05758
4017,P07741
4018,DB07587
4019,DB06887
4020,P42574
4021,DB07761
4022,DB07444
4023,DB01831
4024,DB09330
4025,DB08149
4026,Q9UBQ6
4027,DB06098
4028,DB00392
4029,DB08816
4030,DB07648
4031,DB01260
4032,P13727
4033,DB01277
4034,DB01089
4035,Q53H96
4036,DB00184
4037,DB01704
4038,P30038
4039,DB04005
4040,DB02504
4041,Q9H015
4042,DB03368
4043,DB06706
4044,Q86US8
4045,DB04601
4046,Q92769
4047,Q08289
4048,DB08799
4049,P35219
4050,DB02603
4051,DB05240
4052,P00734
4053,DB04163
4054,DB02482
4055,P29508
4056,DB00241
4057,DB05007
4058,P03891
4059,DB03847
4060,P05164
4061,DB08932
4062,DB01790
4063,DB03247
4064,DB04077
4065,DB04230
4066,P22234
4067,DB00135
4068,Q92947
4069,DB02343
4070,P15104
4071,DB09082
4072,Q15274
4073,DB03861
4074,DB01973
4075,DB07183
4076,DB00655
4077,DB03419
4078,DB07970
4079,DB08136
4080,DB04924
4081,DB06820
4082,DB00641
4083,Q9UL51
4084,DB08399
4085,DB08774
4086,DB07870
4087,DB02337
4088,O96017
4089,DB06209
4090,DB04372
4091,DB00398
4092,DB04607
4093,DB03923
4094,DB07651
4095,DB01255
4096,P11413
4097,Q9UGM1
4098,DB02651
4099,DB00546
4100,Q96F10
4101,DB02878
4102,DB02598
4103,DB08008
4104,DB06842
4105,DB04636
4106,DB00082
4107,DB06103
4108,DB01919
4109,DB05234
4110,P22694
4111,DB01307
4112,P10092
4113,DB04669
4114,DB02757
4115,Q9HA77
4116,DB00694
4117,DB03769
4118,DB02285
4119,Q15761
4120,DB00300
4121,DB02660
4122,P51955
4123,DB04278
4124,DB05342
4125,DB00602
4126,DB08904
4127,DB04233
4128,DB08304
4129,DB07221
4130,DB04615
4131,DB05327
4132,Q16775
4133,DB00508
4134,DB07234
4135,DB04975
4136,DB00749
4137,Q9UK17
4138,DB07394
4139,Q9NXG6
4140,DB00652
4141,DB08996
4142,DB02315
4143,DB04351
4144,DB07746
4145,DB07059
4146,DB02581
4147,DB03878
4148,P62330
4149,DB06785
4150,P23560
4151,DB04629
4152,DB08039
4153,O75116
4154,DB08465
4155,DB02873
4156,DB05387
4157,DB01218
4158,DB08557
4159,DB00762
4160,DB03573
4161,DB06859
4162,DB07895
4163,DB02852
4164,DB08330
4165,DB00853
4166,P35270
4167,DB06918
4168,P02795
4169,DB05875
4170,DB00883
4171,DB00175
4172,Q9Y5N1
4173,Q9UK23
4174,DB06292
4175,DB01108
4176,DB00087
4177,DB03706
4178,DB02288
4179,DB04977
4180,P00492
4181,DB00693
4182,DB06979
4183,DB00724
4184,O76054
4185,DB03262
4186,DB00790
4187,DB03379
4188,DB02082
4189,DB01972
4190,DB01950
4191,DB07535
4192,DB01282
4193,P14416
4194,DB01430
4195,DB07319
4196,P15509
4197,DB05187
4198,DB07058
4199,DB02644
4200,DB00018
4201,DB05521
4202,P27361
4203,DB00547
4204,DB00802
4205,P47985
4206,DB00363
4207,O15169
4208,DB01238
4209,P50416
4210,DB01665
4211,P43080
4212,DB01203
4213,DB08195
4214,DB00020
4215,DB01018
4216,DB06833
4217,Q6L8H2
4218,Q9NS18
4219,Q8TD30
4220,P04818
4221,DB03087
4222,DB00038
4223,O14874
4224,DB02678
4225,DB05431
4226,DB01006
4227,DB06991
4228,DB02131
4229,DB07061
4230,P10915
4231,P16662
4232,DB08707
4233,DB04409
4234,DB03742
4235,DB02059
4236,DB04781
4237,P36969
4238,DB05883
4239,DB08478
4240,Q6WRI0
4241,DB09014
4242,DB05461
4243,DB07341
4244,P25116
4245,P49591
4246,P35218
4247,DB03566
4248,P32321
4249,DB08400
4250,DB02261
4251,P33261
4252,DB00210
4253,P13716
4254,P62826
4255,DB01843
4256,Q15842
4257,Q9NPH2
4258,O75173
4259,DB09291
4260,DB00777
4261,DB00259
4262,DB05107
4263,DB02391
4264,P31358
4265,DB03950
4266,P51788
4267,DB07645
4268,DB00141
4269,DB05266
4270,DB07933
4271,DB07950
4272,P01100
4273,DB00116
4274,DB01620
4275,DB07652
4276,DB07614
4277,DB02008
4278,DB01060
4279,P55196
4280,DB01192
4281,P56282
4282,Q969V6
4283,DB08683
4284,O95864
4285,DB01153
4286,DB01738
4287,DB00738
4288,P21817
4289,DB04741
4290,DB08165
4291,Q13464
4292,Q9Y271
4293,Q7Z2W7
4294,DB04763
4295,DB00420
4296,P19438
4297,DB00237
4298,DB04675
4299,DB02875
4300,P38435
4301,Q9H2M3
4302,DB06781
4303,DB00729
4304,P43353
4305,DB09029
4306,DB02090
4307,DB03516
4308,DB02105
4309,DB00338
4310,O94903
4311,DB04852
4312,DB00014
4313,DB04988
4314,DB00855
4315,DB05806
4316,DB06865
4317,P52732
4318,DB03096
4319,DB00585
4320,DB02583
4321,DB07376
4322,P09874
4323,DB02996
4324,DB05280
4325,DB00861
4326,P49789
4327,Q96T66
4328,DB08846
4329,DB08553
4330,P56817
4331,DB05472
4332,P51843
4333,P00338
4334,DB00463
4335,DB07159
4336,DB03633
4337,DB00063
4338,DB06016
4339,O00204
4340,DB04846
4341,DB00601
4342,DB02269
4343,Q96AE4
4344,DB05078
4345,O75489
4346,DB07104
4347,O60882
4348,P35914
4349,DB00462
4350,DB03137
4351,DB03434
4352,DB07027
4353,P80365
4354,DB03884
4355,DB02855
4356,DB08340
4357,DB02676
4358,DB00989
4359,Q96Q40
4360,DB02320
4361,DB03276
4362,P31040
4363,DB05206
4364,P28066
4365,DB01223
4366,DB05177
4367,DB00934
4368,DB01211
4369,DB05294
4370,Q9NS75
4371,DB07874
4372,P43116
4373,DB01941
4374,DB01303
4375,DB02351
4376,DB07197
4377,DB05213
4378,DB04140
4379,DB00813
4380,DB08781
4381,P09669
4382,DB00846
4383,DB03677
4384,DB07878
4385,Q9Y678
4386,Q16773
4387,P16109
4388,DB01837
4389,DB01408
4390,O75600
4391,DB03701
4392,P01850
4393,DB04875
4394,O15511
4395,DB08179
4396,DB06216
4397,DB00610
4398,DB04839
4399,DB01190
4400,DB08521
4401,Q8IUZ5
4402,Q9Y4W6
4403,P26440
4404,O43252
4405,DB06268
4406,DB07589
4407,DB08230
4408,DB04172
4409,P68363
4410,P15813
4411,Q4U2R8
4412,DB01345
4413,DB08661
4414,O43497
4415,DB03696
4416,DB03048
4417,DB03271
4418,P22695
4419,DB04559
4420,P07359
4421,DB07160
4422,DB08122
4423,DB04632
4424,DB03015
4425,Q9UBX1
4426,DB02299
4427,DB05233
4428,DB05129
4429,P31994
4430,P55263
4431,DB08867
4432,DB05150
4433,DB04416
4434,DB02714
4435,DB00433
4436,P50052
4437,DB07520
4438,DB01015
4439,DB04890
4440,Q8TF76
4441,DB07829
4442,P03951
4443,DB08655
4444,Q96C86
4445,DB02322
4446,DB04972
4447,P20061
4448,P23415
4449,P54646
4450,P11388
4451,Q9UBM7
4452,P56524
4453,DB07453
4454,DB06997
4455,O14649
4456,P21926
4457,DB03657
4458,DB08309
4459,Q9HB55
4460,P18858
4461,DB03793
4462,DB00099
4463,DB00055
4464,DB01928
4465,DB08397
4466,P20963
4467,P33121
4468,DB07831
4469,Q16769
4470,DB08354
4471,Q9H2X9
4472,DB02546
4473,DB04271
4474,Q9P289
4475,P01574
4476,O43739
4477,DB07077
4478,DB03994
4479,P18510
4480,DB08329
4481,O60733
4482,Q16678
4483,DB06962
4484,Q9NYQ3
4485,DB01764
4486,P48051
4487,DB02218
4488,DB03877
4489,DB08906
4490,DB01263
4491,DB03784
4492,DB04121
4493,Q9Y257
4494,DB02047
4495,DB08594
4496,DB00893
4497,P68400
4498,DB08138
4499,P21266
4500,Q8TC12
4501,DB01695
4502,P00918
4503,P35503
4504,DB01496
4505,DB07655
4506,P04083
4507,DB04531
4508,DB05341
4509,DB06959
4510,P09619
4511,DB01854
4512,O95932
4513,DB00894
4514,DB08507
4515,DB00262
4516,P45983
4517,DB03903
4518,DB03918
4519,DB07529
4520,O14964
4521,DB00751
4522,DB06846
4523,DB01087
4524,DB05033
4525,DB00123
4526,DB04474
4527,DB01810
4528,P13501
4529,DB08342
4530,Q96RJ0
4531,P29597
4532,DB08183
4533,DB04954
4534,DB08224
4535,P17252
4536,P07998
4537,Q96GA7
4538,DB03900
4539,Q16760
4540,P46459
4541,P08100
4542,DB08844
4543,DB00071
4544,DB04523
4545,DB08182
4546,Q96KG9
4547,DB08659
4548,DB04112
4549,DB00157
4550,DB05345
4551,Q9Y233
4552,DB08654
4553,P51671
4554,DB01977
4555,P54284
4556,DB06069
4557,P40394
4558,P51648
4559,DB02827
4560,DB07730
4561,P18847
4562,P28335
4563,P45954
4564,O15239
4565,P02689
4566,DB05203
4567,Q13393
4568,Q13233
4569,DB00686
4570,Q99542
4571,DB03201
4572,P23526
4573,Q6PHW0
4574,DB08422
4575,P0DMS8
4576,DB00812
4577,DB02602
4578,DB07830
4579,DB02490
4580,DB00682
4581,DB02216
4582,DB08827
4583,Q9BYV1
4584,P29074
4585,DB08135
4586,P14210
4587,DB04197
4588,DB02271
4589,Q9Y2Z4
4590,P31644
4591,DB01363
4592,P99999
4593,DB05421
4594,P30874
4595,Q6YP21
4596,DB02155
4597,DB06862
4598,DB07002
4599,P00488
4600,P23469
4601,DB00400
4602,DB02994
4603,DB03032
4604,DB07860
4605,DB00182
4606,DB01185
4607,DB08520
4608,DB07728
4609,DB08371
4610,Q9NNW7
4611,DB00936
4612,DB07724
4613,P18850
4614,Q96LZ3
4615,DB04254
4616,DB00197
4617,Q16322
4618,DB01104
4619,DB07863
4620,DB04845
4621,DB01107
4622,P04792
4623,DB05183
4624,DB03124
4625,DB00696
4626,DB05713
4627,Q9UGM6
4628,DB00226
4629,DB05381
4630,DB08254
4631,DB03058
4632,Q9Y5K3
4633,DB08530
4634,Q9UHQ9
4635,DB08341
4636,DB00128
4637,DB04186
4638,DB07173
4639,DB00588
4640,P34059
4641,P28845
4642,DB06711
4643,DB03033
4644,DB00765
4645,P04049
4646,DB02029
4647,Q6VVX0
4648,DB08018
4649,DB01193
4650,DB08393
4651,Q9UJ68
4652,O00182
4653,DB05098
4654,DB04859
4655,Q9NWT6
4656,DB04009
4657,Q9H936
4658,DB08569
4659,DB04065
4660,Q05315
4661,DB07385
4662,DB07879
4663,DB04616
4664,P10276
4665,DB00449
4666,DB04436
4667,DB08708
4668,P22749
4669,DB03485
4670,Q07343
4671,DB00707
4672,DB02472
4673,P62158
4674,DB06148
4675,DB07926
4676,DB01763
4677,DB04837
4678,DB04217
4679,DB05688
4680,DB07073
4681,DB01586
4682,P35754
4683,DB07049
4684,P10696
4685,P08684
4686,P25787
4687,DB04089
4688,P31639
4689,DB05070
4690,DB06441
4691,O15374
4692,DB02616
4693,DB02587
4694,P51681
4695,Q9BY66
4696,DB03976
4697,DB07136
4698,DB08601
4699,DB09047
4700,Q9UGI6
4701,P12236
4702,DB07339
4703,Q15418
4704,DB04720
4705,P00326
4706,DB07625
4707,DB04594
4708,Q9UKY3
4709,DB06775
4710,DB02427
4711,O95865
4712,P21728
4713,DB00647
4714,DB00726
4715,DB08893
4716,DB01137
4717,DB03306
4718,P30085
4719,Q9UNP4
4720,P35625
4721,DB00904
4722,DB03880
4723,DB08113
4724,DB02820
4725,DB04876
4726,DB00918
4727,DB01212
4728,P08235
4729,Q13426
4730,Q6UX15
4731,P11836
4732,DB07946
4733,DB01048
4734,DB02404
4735,DB02340
4736,DB01338
4737,Q9HCP0
4738,DB03552
4739,DB02999
4740,DB07236
4741,DB05225
4742,DB00553
4743,DB01793
4744,DB05777
4745,DB03130
4746,DB02673
4747,DB00465
4748,Q09013
4749,Q00266
4750,DB04098
4751,P01137
4752,P41594
4753,DB01590
4754,DB04882
4755,DB03444
4756,Q14524
4757,DB08010
4758,DB05305
4759,DB07897
4760,DB03373
4761,DB03611
4762,P04141
4763,DB01242
4764,P80075
4765,DB02181
4766,DB04050
4767,P12931
4768,DB00390
4769,DB07488
4770,DB02335
4771,P17931
4772,DB04450
4773,DB00341
4774,P78508
4775,DB08348
4776,DB05442
4777,O43674
4778,P01116
4779,DB01382
4780,DB07562
4781,DB07786
4782,Q13564
4783,DB03904
4784,DB04549
4785,DB04715
4786,DB07096
4787,DB08500
4788,DB08198
4789,P23458
4790,Q9UGJ0
4791,DB01444
4792,DB05468
4793,DB06919
4794,DB04827
4795,DB00399
4796,DB07017
4797,Q96PF1
4798,DB03484
4799,DB04071
4800,DB08323
4801,P24385
4802,DB01997
4803,Q9Y6I3
4804,DB03889
4805,Q92820
4806,DB01561
4807,DB02767
4808,DB02931
4809,P63151
4810,DB08584
4811,DB08560
4812,Q15661
4813,DB01064
4814,DB03837
4815,P49419
4816,Q14145
4817,DB07239
4818,DB02890
4819,P12104
4820,DB02821
4821,P21462
4822,DB08912
4823,DB07734
4824,Q13630
4825,Q9NY47
4826,DB00402
4827,DB06967
4828,DB02010
4829,Q494W8
4830,DB07627
4831,DB01631
4832,P14550
4833,Q13946
4834,DB06977
4835,DB00776
4836,Q04759
4837,DB01852
4838,DB00842
4839,DB07433
4840,P07195
4841,P19838
4842,DB04709
4843,P04731
4844,P49356
4845,P35790
4846,Q8TCU5
4847,O14793
4848,P18848
4849,DB06267
4850,DB00531
4851,DB06939
4852,DB07678
4853,DB01352
4854,DB07288
4855,DB07323
4856,DB03575
4857,Q99418
4858,O15145
4859,DB01784
4860,DB08640
4861,DB00699
4862,DB07135
4863,P15259
4864,DB07158
4865,Q6UWN8
4866,O43548
4867,P16581
4868,P01857
4869,Q13882
4870,DB02110
4871,DB01666
4872,DB03044
4873,P55157
4874,DB03024
4875,DB00205
4876,DB00901
4877,DB05630
4878,P08311
4879,DB06925
4880,P51161
4881,DB01951
4882,DB07833
4883,DB02471
4884,DB00067
4885,DB00486
4886,P06400
4887,DB00992
4888,DB02056
4889,P18283
4890,DB07306
4891,DB04419
4892,DB01812
4893,DB05125
4894,DB04970
4895,O75891
4896,DB03910
4897,DB01536
4898,P82251
4899,DB07738
4900,DB07064
4901,DB03286
4902,DB00561
4903,P02675
4904,DB04480
4905,DB02329
4906,Q86SZ2
4907,DB05484
4908,DB02459
4909,DB00246
4910,DB06908
4911,DB03929
4912,DB01587
4913,Q9HB21
4914,DB08838
4915,DB02418
4916,DB02640
4917,DB01577
4918,P04179
4919,DB02458
4920,Q16696
4921,DB08242
4922,DB07088
4923,DB06989
4924,P22888
4925,P55072
4926,DB02825
4927,DB04932
4928,DB00941
4929,O14792
4930,DB08061
4931,O60391
4932,Q86VB7
4933,DB01549
4934,Q99720
4935,DB08296
4936,DB07174
4937,DB08895
4938,P01877
4939,DB08880
4940,DB06882
4941,Q8NBN7
4942,DB04681
4943,P13631
4944,DB01893
4945,DB00394
4946,P00797
4947,DB04352
4948,P06132
4949,DB04251
4950,DB01177
4951,P24158
4952,Q05901
4953,DB04530
4954,Q9NQX3
4955,DB04263
4956,DB01228
4957,P00450
4958,DB05708
4959,DB07789
4960,DB01954
4961,DB08547
4962,P28329
4963,DB07899
4964,O43612
4965,DB07907
4966,O60488
4967,P23946
4968,DB03791
4969,DB00287
4970,DB08772
4971,DB04142
4972,P06241
4973,Q96C24
4974,Q9NR33
4975,DB00213
4976,DB08373
4977,DB00503
4978,Q9NZV8
4979,DB00514
4980,P15428
4981,DB00635
4982,DB07321
4983,DB07858
4984,DB02893
4985,DB03086
4986,DB03495
4987,DB06837
4988,DB00552
4989,DB06710
4990,DB08048
4991,DB00473
4992,DB07592
4993,P08588
4994,P16066
4995,DB02647
4996,DB03749
4997,P43235
4998,DB00830
4999,DB01700
5000,DB00118
5001,Q13133
5002,DB02464
5003,DB07437
5004,DB00199
5005,DB00993
5006,DB07440
5007,DB01960
5008,DB04832
5009,DB04714
5010,P23141
5011,DB05339
5012,DB00572
5013,DB05254
5014,DB03760
5015,DB08612
5016,DB06933
5017,DB07335
5018,P17752
5019,DB06064
5020,DB07853
5021,P08263
5022,DB05432
5023,DB01182
5024,DB04187
5025,DB00209
5026,DB03456
5027,DB07504
5028,P84077
5029,DB01325
5030,DB02067
5031,DB07580
5032,Q9H2S1
5033,DB07268
5034,DB00315
5035,Q5JVS0
5036,Q13370
5037,DB07215
5038,DB06809
5039,DB00426
5040,DB08690
5041,DB04256
5042,DB07814
5043,Q99712
5044,DB01693
5045,P10828
5046,DB05299
5047,DB08283
5048,DB08000
5049,Q9HD40
5050,Q96HD9
5051,DB06403
5052,DB03738
5053,Q06203
5054,DB06480
5055,O75900
5056,DB07538
5057,DB02211
5058,DB03639
5059,DB01063
5060,P37231
5061,DB07930
5062,DB00140
5063,DB00395
5064,DB03126
5065,DB07686
5066,DB02230
5067,P36021
5068,DB05760
5069,DB05374
5070,P53779
5071,DB03330
5072,DB00822
5073,Q9ULC6
5074,P0CG29
5075,P09958
5076,DB03777
5077,DB01341
5078,DB03479
5079,Q9NXA8
5080,DB06186
5081,DB01034
5082,DB08448
5083,O95954
5084,DB08566
5085,P51580
5086,P11362
5087,DB00763
5088,P07225
5089,DB04253
5090,DB03921
5091,Q9UBN7
5092,O75976
5093,P08123
5094,Q9Y6K9
5095,DB00487
5096,DB00530
5097,DB01438
5098,DB01333
5099,DB06401
5100,O14646
5101,DB07839
5102,DB00291
5103,P17936
5104,DB09048
5105,DB08055
5106,DB00120
5107,P56937
5108,P03886
5109,DB07683
5110,P09960
5111,DB08699
5112,DB01134
5113,DB00006
5114,DB02491
5115,P23368
5116,Q9H8P0
5117,P49327
5118,DB03367
5119,DB02376
5120,DB02209
5121,DB06995
5122,DB01128
5123,Q99259
5124,DB04395
5125,DB09207
5126,DB07165
5127,DB03273
5128,P15170
5129,P19961
5130,DB02690
5131,DB04941
5132,DB02701
5133,DB02189
5134,DB02964
5135,DB04365
5136,DB02848
5137,DB03977
5138,DB00708
5139,Q08345
5140,DB07626
5141,P09012
5142,DB01580
5143,DB07149
5144,Q9UDX3
5145,DB08674
5146,O60551
5147,DB07991
5148,P12268
5149,DB00947
5150,DB02532
5151,DB07131
5152,O60568
5153,DB00268
5154,DB07905
5155,DB08447
5156,O14732
5157,Q05655
5158,DB00286
5159,DB05455
5160,DB02535
5161,DB08599
5162,P16930
5163,DB07019
5164,O14756
5165,P24557
5166,DB07949
5167,DB03461
5168,DB05360
5169,DB01686
5170,DB02400
5171,DB07787
5172,DB03670
5173,DB05507
5174,DB06701
5175,DB07711
5176,DB00818
5177,DB04633
5178,DB07462
5179,DB07083
5180,DB00070
5181,DB00171
5182,Q02224
5183,DB00024
5184,DB04643
5185,O43772
5186,DB00387
5187,DB00565
5188,Q9H6Z9
5189,O00329
5190,Q04609
5191,DB04509
5192,DB00938
5193,DB05042
5194,DB01809
5195,DB04817
5196,DB09063
5197,Q8IVH4
5198,DB00098
5199,DB04119
5200,DB01733
5201,Q9UHC9
5202,DB00039
5203,P12277
5204,DB00570
5205,DB07978
5206,DB08463
5207,DB04757
5208,DB07973
5209,P12271
5210,DB00856
5211,DB08058
5212,P35237
5213,DB02834
5214,O43570
5215,P14902
5216,DB03487
5217,DB08378
5218,DB03476
5219,DB07530
5220,Q9NPF7
5221,DB05133
5222,DB06147
5223,DB07218
5224,DB03333
5225,DB06853
5226,DB04126
5227,Q03181
5228,DB06650
5229,P06401
5230,DB00569
5231,Q14542
5232,Q8N5Z0
5233,DB03821
5234,P07478
5235,DB00945
5236,P30520
5237,DB07108
5238,DB00223
5239,DB05743
5240,DB05822
5241,Q15758
5242,DB01844
5243,DB04237
5244,DB06674
5245,DB04376
5246,DB00544
5247,DB00202
5248,DB07968
5249,P11766
5250,DB00849
5251,DB03978
5252,DB04579
5253,DB06830
5254,DB04151
5255,O95167
5256,DB08251
5257,P11488
5258,P31785
5259,DB03316
5260,DB07245
5261,DB07150
5262,Q86XF0
5263,DB06589
5264,DB03179
5265,O15530
5266,DB01618
5267,DB08776
5268,Q99456
5269,DB03073
5270,DB00940
5271,DB01219
5272,P22001
5273,DB01050
5274,DB01397
5275,DB06779
5276,DB00605
5277,DB02325
5278,O14735
5279,DB03310
5280,DB06060
5281,DB04407
5282,Q8WTV0
5283,DB05096
5284,DB07162
5285,DB08453
5286,DB08413
5287,P03915
5288,P11245
5289,DB02032
5290,DB03752
5291,O14763
5292,P15056
5293,Q9UNK4
5294,P53609
5295,DB04338
5296,DB04405
5297,DB01210
5298,DB07329
5299,P50440
5300,P52848
5301,DB04392
5302,DB07446
5303,DB06900
5304,P46098
5305,P28161
5306,P49189
5307,DB04564
5308,P24311
5309,DB03988
5310,DB07889
5311,Q92753
5312,P52961
5313,P78368
5314,P62750
5315,DB02727
5316,DB01405
5317,DB01662
5318,O94956
5319,DB03389
5320,Q96BH3
5321,P03956
5322,DB00927
5323,DB08532
5324,P07101
5325,P10620
5326,DB04477
5327,DB08933
5328,O43525
5329,P16471
5330,DB07717
5331,DB02071
5332,DB03221
5333,DB01392
5334,DB07984
5335,DB06942
5336,P04234
5337,DB02846
5338,Q13315
5339,DB03381
5340,DB02207
5341,DB03736
5342,DB01309
5343,DB07834
5344,P11021
5345,DB07750
5346,DB08660
5347,DB00811
5348,DB05915
5349,DB06880
5350,O43676
5351,DB07835
5352,DB01013
5353,DB00100
5354,Q02928
5355,P51511
5356,DB08522
5357,Q05513
5358,O75795
5359,P22413
5360,DB02063
5361,DB01877
5362,DB07120
5363,DB04590
5364,DB02300
5365,DB05391
5366,DB08057
5367,DB07087
5368,P28223
5369,DB08788
5370,DB04136
5371,DB07163
5372,P16112
5373,P16050
5374,DB01115
5375,P11473
5376,DB00878
5377,P00156
5378,DB02621
5379,O14832
5380,DB01782
5381,DB07314
5382,DB02778
5383,DB00748
5384,Q8N9I0
5385,DB07772
5386,O60896
5387,DB07630
5388,Q13885
5389,DB07416
5390,Q8IWU9
5391,DB09068
5392,DB03169
5393,O96000
5394,DB08239
5395,DB03102
5396,DB03016
5397,Q01959
5398,DB03845
5399,DB07216
5400,P00325
5401,DB04090
5402,P16422
5403,DB04356
5404,DB08575
5405,DB07585
5406,DB05796
5407,DB08820
5408,DB07454
5409,Q8WUI4
5410,P48163
5411,DB01671
5412,DB01632
5413,DB04752
5414,P16220
5415,DB07001
5416,Q00535
5417,Q13285
5418,DB05399
5419,DB03934
5420,DB07563
5421,DB07164
5422,DB00867
5423,Q08499
5424,DB07253
5425,DB07921
5426,DB04761
5427,O15111
5428,DB08062
5429,DB07302
5430,DB02463
5431,Q92637
5432,DB02924
5433,DB03975
5434,P62917
5435,DB07815
5436,DB06982
5437,P13686
5438,P62258
5439,DB01239
5440,DB05464
5441,Q96BI3
5442,Q8IVL6
5443,P19652
5444,DB02762
5445,DB07139
5446,DB05829
5447,DB07768
5448,DB00800
5449,DB04922
5450,O00591
5451,Q9UJT0
5452,Q01740
5453,P51553
5454,DB02835
5455,Q9UNN8
5456,DB05194
5457,DB02506
5458,DB07264
5459,DB00165
5460,A8MPY1
5461,DB08909
5462,DB00136
5463,DB00517
5464,DB08865
5465,P02788
5466,P27144
5467,DB04207
5468,DB07317
5469,DB04002
5470,DB07007
5471,Q14626
5472,DB07330
5473,DB01742
5474,DB02742
5475,DB08365
5476,Q9UHI5
5477,DB07053
5478,DB03478
5479,DB06876
5480,DB08442
5481,P07204
5482,DB08388
5483,P08069
5484,DB00608
5485,DB00837
5486,DB05855
5487,P07327
5488,DB07595
5489,DB07350
5490,DB00593
5491,DB07788
5492,DB07428
5493,Q16740
5494,DB07668
5495,DB05298
5496,P17787
5497,DB08737
5498,DB07792
5499,Q14571
5500,Q96I99
5501,DB05235
5502,DB02153
5503,P53985
5504,P17540
5505,DB01011
5506,DB03856
5507,DB07435
5508,P06239
5509,Q14749
5510,Q9P0X4
5511,DB00970
5512,Q96IY4
5513,P19883
5514,DB03441
5515,DB00924
5516,P00403
5517,DB01200
5518,P08620
5519,DB01558
5520,DB07546
5521,DB00908
5522,DB06061
5523,DB06290
5524,DB07988
5525,DB04108
5526,DB02898
5527,P49146
5528,P48443
5529,DB06150
5530,P41180
5531,P14780
5532,DB08092
5533,DB01959
5534,DB08804
5535,DB04572
5536,P62913
5537,DB06663
5538,DB00836
5539,Q9NR97
5540,DB05578
5541,DB07023
5542,DB00245
5543,DB00644
5544,DB04576
5545,DB07146
5546,DB06732
5547,P02461
5548,DB01224
5549,DB09028
5550,P17213
5551,DB01826
5552,DB01970
5553,Q9H1K4
5554,DB05238
5555,P11226
5556,DB03225
5557,DB01406
5558,DB02888
5559,P19793
5560,DB04175
5561,DB00294
5562,P04229
5563,DB08121
5564,DB07369
5565,DB07279
5566,P01595
5567,P25929
5568,DB02069
5569,Q15116
5570,DB03894
5571,P56556
5572,Q9Y286
5573,P04156
5574,P31513
5575,Q9BYC2
5576,DB02628
5577,Q14500
5578,DB07211
5579,DB08814
5580,DB08025
5581,DB01717
5582,Q99643
5583,DB07521
5584,DB03331
5585,DB08629
5586,Q9NPD5
5587,DB04527
5588,Q16790
5589,DB05199
5590,DB04985
5591,P19801
5592,P25311
5593,Q9Y6L7
5594,DB07613
5595,Q9UJT1
5596,DB02309
5597,DB04513
5598,DB01045
5599,DB01917
5600,P07477
5601,DB00130
5602,DB00046
5603,Q16206
5604,DB07190
5605,DB05122
5606,P01106
5607,DB04844
5608,P01625
5609,DB04366
5610,P48061
5611,DB00290
5612,P16435
5613,P01375
5614,O00764
5615,DB04153
5616,DB01068
5617,DB01643
5618,P05141
5619,DB04109
5620,DB00019
5621,DB11362
5622,P54802
5623,DB04107
5624,DB03189
5625,DB02866
5626,DB04381
5627,DB03783
5628,DB07161
5629,DB06894
5630,O43181
5631,DB07702
5632,DB00189
5633,DB07430
5634,DB01166
5635,DB00504
5636,DB06858
5637,DB08045
5638,DB05447
5639,DB01623
5640,P08238
5641,Q01082
5642,O75865
5643,P20823
5644,DB03971
5645,DB07348
5646,DB00484
5647,DB01864
5648,Q16706
5649,Q5JTZ9
5650,DB05390
5651,DB01953
5652,P15692
5653,DB01065
5654,DB04331
5655,DB04339
5656,DB04091
5657,DB00814
5658,DB08764
5659,Q9NWZ3
5660,DB00567
5661,DB04336
5662,Q14894
5663,DB01998
5664,DB07675
5665,DB01213
5666,Q701N4
5667,Q13332
5668,DB07715
5669,DB05025
5670,P03901
5671,DB02689
5672,P49720
5673,P05162
5674,P30559
5675,DB08709
5676,DB01289
5677,DB00542
5678,DB07790
5679,DB07893
5680,DB02116
5681,DB03471
5682,DB03565
5683,DB07494
5684,DB07999
5685,P0CG04
5686,DB01291
5687,DB03059
5688,O94766
5689,DB05250
5690,Q09428
5691,DB00168
5692,P25815
5693,DB00233
5694,DB00466
5695,DB07666
5696,P55809
5697,DB07300
5698,DB07503
5699,DB06211
5700,DB04058
5701,DB02542
5702,P53355
5703,DB01902
5704,DB01836
5705,P20813
5706,DB00614
5707,DB07267
5708,P38606
5709,Q01726
5710,DB03191
5711,DB07265
5712,Q96EB6
5713,DB07838
5714,Q01118
5715,DB08810
5716,DB08056
5717,DB08186
5718,DB01216
5719,P05362
5720,DB08335
5721,DB07983
5722,DB08042
5723,Q9NRE1
5724,DB04707
5725,DB04312
5726,DB04273
5727,DB00895
5728,DB00367
5729,DB04917
5730,DB00723
5731,DB03435
5732,P20472
5733,DB03240
5734,DB06937
5735,DB08783
5736,DB00471
5737,DB04736
5738,DB02292
5739,DB04129
5740,O43272
5741,DB08303
5742,P31930
5743,Q01718
5744,DB07471
5745,DB07500
5746,DB01425
5747,DB02774
5748,DB02035
5749,P23416
5750,DB08132
5751,DB06412
5752,DB02358
5753,DB00121
5754,O94808
5755,DB01776
5756,DB07883
5757,DB01156
5758,DB04301
5759,O00141
5760,P26010
5761,P30043
5762,DB01161
5763,DB00621
5764,P05019
5765,DB04540
5766,DB00172
5767,DB00012
5768,Q8N8R3
5769,DB08868
5770,DB09101
5771,DB09036
5772,P29274
5773,P78540
5774,O60664
5775,Q15067
5776,DB01612
5777,DB00678
5778,P30044
5779,Q99884
5780,DB02559
5781,DB07194
5782,DB00935
5783,Q08257
5784,P00749
5785,DB07412
5786,DB02811
5787,DB02377
5788,P37173
5789,DB07180
5790,DB02169
5791,Q09470
5792,DB07459
5793,Q13003
5794,Q9NR82
5795,DB03591
5796,DB00117
5797,DB02723
5798,DB00890
5799,P42338
5800,DB02282
5801,DB03598
5802,P42081
5803,P78559
5804,Q92887
5805,DB00961
5806,Q9HB40
5807,P16860
5808,P01270
5809,DB01095
5810,DB01884
5811,DB05304
5812,DB06961
5813,DB03397
5814,Q8WWL2
5815,DB00278
5816,DB01418
5817,DB05077
5818,DB05790
5819,DB07567
5820,P29474
5821,DB05239
5822,DB02183
5823,DB01926
5824,DB02098
5825,DB01196
5826,DB08089
5827,P17568
5828,DB08386
5829,DB01021
5830,DB00485
5831,DB04880
5832,P32929
5833,Q9NPA2
5834,DB04842
5835,DB01705
5836,DB09075
5837,DB07802
5838,P26358
5839,DB03083
5840,DB04156
5841,DB03712
5842,DB02431
5843,DB04445
5844,DB00589
5845,DB05264
5846,DB00799
5847,DB11363
5848,DB00808
5849,O95139
5850,DB02004
5851,DB08046
5852,DB03233
5853,Q9HBH5
5854,DB08441
5855,P47929
5856,P15559
5857,P35498
5858,Q9UNX3
5859,DB07344
5860,DB04743
5861,O75251
5862,DB04903
5863,DB05383
5864,Q8WTS6
5865,P53004
5866,DB08150
5867,DB07351
5868,DB06905
5869,DB00974
5870,Q9GZR5
5871,P03923
5872,DB02530
5873,DB01696
5874,DB05152
5875,DB00725
5876,DB01939
5877,DB07397
5878,Q9Y646
5879,DB03621
5880,DB00956
5881,DB01752
5882,DB01253
5883,Q96RQ3
5884,DB08436
5885,O60678
5886,DB08529
5887,Q9Y6Y9
5888,DB00446
5889,DB06884
5890,P00746
5891,P34897
5892,DB04879
5893,DB07247
5894,DB01020
5895,DB02068
5896,DB04948
5897,Q16878
5898,DB05045
5899,DB01201
5900,P04275
5901,P35367
5902,DB08896
5903,DB07285
5904,DB03491
5905,DB04787
5906,DB06828
5907,DB04516
5908,P25705
5909,O43175
5910,P00387
5911,P04183
5912,Q6PEY2
5913,Q9Y3R4
5914,P23975
5915,DB00997
5916,DB05675
5917,DB07198
5918,DB03945
5919,DB08080
5920,DB02730
5921,DB02027
5922,P30872
5923,DB08607
5924,DB00376
5925,DB02611
5926,DB00218
5927,DB07389
5928,DB01685
5929,P24347
5930,DB02933
5931,DB07756
5932,P04746
5933,P10109
5934,DB03243
5935,DB01942
5936,Q9BXA5
5937,DB08811
5938,Q8IUR0
5939,DB04790
5940,DB01777
5941,DB00417
5942,O15460
5943,P14060
5944,DB00044
5945,DB02545
5946,DB01649
5947,Q92993
5948,P61586
5949,DB07460
5950,DB00440
5951,DB02728
5952,DB00810
5953,DB02077
5954,DB08200
5955,DB00667
5956,DB00925
5957,DB05487
5958,DB07622
5959,P14778
5960,DB00431
5961,DB07116
5962,P49354
5963,DB03963
5964,DB07736
5965,DB03147
5966,DB01600
5967,DB07310
5968,DB00347
5969,DB00112
5970,P30968
5971,DB01321
5972,DB00148
5973,DB04215
5974,DB06917
5975,DB03003
5976,DB08879
5977,DB04793
5978,O75493
5979,DB05366
5980,Q8N119
5981,DB03152
5982,DB08263
5983,DB07784
5984,DB03882
5985,DB02126
5986,DB00301
5987,P02792
5988,Q9Y689
5989,DB00661
5990,DB07718
5991,DB00600
5992,DB05259
5993,DB07186
5994,DB04260
5995,DB05418
5996,DB00792
5997,DB01927
5998,DB03703
5999,DB06062
6000,DB04150
6001,P05106
6002,DB00312
6003,Q04771
6004,DB04774
6005,P20701
6006,DB01375
6007,DB00133
6008,DB00364
6009,P02671
6010,O14965
6011,DB03758
6012,P16473
6013,DB00636
6014,DB01772
6015,DB04295
6016,DB00334
6017,DB05030
6018,DB03709
6019,DB04946
6020,DB03447
6021,DB04727
6022,DB01948
6023,DB04059
6024,DB07474
6025,DB08546
6026,DB01088
6027,DB04789
6028,DB08631
6029,Q8TCT1
6030,DB07151
6031,DB00211
6032,P09172
6033,O95881
6034,O14939
6035,DB01131
6036,P21731
6037,DB03744
6038,DB06823
6039,DB05278
6040,DB02838
6041,DB07757
6042,O60840
6043,P07900
6044,P01848
6045,DB08613
6046,DB08675
6047,O75715
6048,DB04473
6049,DB04893
6050,DB03600
6051,DB04764
6052,DB00448
6053,DB00317
6054,P07858
6055,DB03683
6056,DB00272
6057,DB08782
6058,DB04951
6059,P06730
6060,DB00138
6061,DB00758
6062,DB08602
6063,DB00443
6064,DB00013
6065,Q6NS38
6066,Q15375
6067,DB04476
6068,DB04575
6069,DB07065
6070,DB03962
6071,DB07804
6072,Q92830
6073,Q08188
6074,O14786
6075,DB07612
6076,DB06987
6077,DB09280
6078,DB02631
6079,P49137
6080,DB08157
6081,DB08778
6082,DB08217
6083,O43293
6084,DB04982
6085,DB01235
6086,P47895
6087,DB01619
6088,DB03577
6089,P51149
6090,P0C0L5
6091,DB00713
6092,DB04099
6093,O14818
6094,DB01660
6095,DB00255
6096,DB00198
6097,DB07960
6098,DB01897
6099,O14764
6100,DB04791
6101,DB08561
6102,Q12809
6103,DB05034
6104,DB05269
6105,P49915
6106,Q9P0Z9
6107,DB04400
6108,O75330
6109,DB05200
6110,DB05192
6111,DB02028
6112,DB03417
6113,Q7Z4W1
6114,DB00377
6115,DB04796
6116,DB05249
6117,DB03046
6118,P48552
6119,P21673
6120,DB08800
6121,DB07601
6122,DB07574
6123,P39086
6124,DB00557
6125,DB01001
6126,DB00892
6127,DB01677
6128,DB07322
6129,P09237
6130,P0DJI8
6131,DB07117
6132,DB07723
6133,P02787
6134,DB05115
6135,DB00227
6136,P21980
6137,DB05814
6138,Q05586
6139,DB06243
6140,Q99460
6141,DB01085
6142,DB00361
6143,P10415
6144,DB00983
6145,DB05372
6146,Q12791
6147,P08173
6148,P22894
6149,DB01176
6150,Q6NUS8
6151,DB08001
6152,DB01057
6153,DB00283
6154,P11086
6155,DB06832
6156,DB06237
6157,DB01083
6158,P10635
6159,Q9BYF1
6160,DB07299
6161,DB02350
6162,DB08790
6163,DB02044
6164,DB02306
6165,DB05041
6166,DB01122
6167,DB00052
6168,DB07903
6169,DB00405
6170,O15392
6171,P30532
6172,Q9BXI2
6173,P60981
6174,DB00048
6175,DB07700
6176,DB04363
6177,DB00429
6178,DB03523
6179,DB08358
6180,DB00876
6181,DB00670
6182,DB02917
6183,Q06432
6184,DB07844
6185,DB04250
6186,DB05057
6187,DB07637
6188,DB06800
6189,P05186
6190,DB01609
6191,DB05403
6192,DB04258
6193,DB03082
6194,DB00620
6195,P28065
6196,DB07325
6197,O76083
6198,O94768
6199,DB00691
6200,DB07954
6201,DB03468
6202,DB04470
6203,DB05449
6204,DB07747
6205,DB04200
6206,Q16832
6207,Q9Y698
6208,P11229
6209,DB03559
6210,DB03506
6211,P63208
6212,DB01419
6213,DB07608
6214,DB06838
6215,DB00807
6216,P28838
6217,DB02911
6218,DB03642
6219,Q13183
6220,DB05281
6221,DB04872
6222,P10515
6223,DB07138
6224,DB00253
6225,P04062
6226,DB03757
6227,DB07616
6228,DB02845
6229,DB07689
6230,DB02652
6231,P35568
6232,DB02498
6233,DB00152
6234,DB05197
6235,Q9H239
6236,DB04853
6237,Q99584
6238,Q9UN19
6239,DB04688
6240,DB07558
6241,DB06954
6242,P41091
6243,DB07219
6244,Q6NVY1
6245,DB04910
6246,P29317
6247,P16499
6248,Q9H598
6249,P35520
6250,DB02789
6251,DB01301
6252,DB06089
6253,DB01429
6254,Q16099
6255,DB07354
6256,DB03661
6257,DB08345
6258,P16519
6259,DB08172
6260,DB04849
6261,DB08437
6262,Q9NQS7
6263,DB05109
6264,P17900
6265,DB05786
6266,P23763
6267,DB07705
6268,Q9ULZ9
6269,DB05001
6270,DB02805
6271,P09467
6272,DB04673
6273,DB00789
6274,DB06285
6275,DB03133
6276,P06870
6277,P25101
6278,DB04885
6279,DB01281
6280,DB07841
6281,DB05087
6282,DB00307
6283,DB07099
6284,P22735
6285,DB00434
6286,DB08910
6287,DB07754
6288,DB01029
6289,DB00107
6290,DB07629
6291,DB00108
6292,DB04799
6293,#Drug
6294,DB07390
6295,DB04883
6296,DB07737
6297,DB02318
6298,DB03072
6299,DB03499
6300,DB04600
6301,DB07266
6302,P08246
6303,DB03277
6304,DB02556
6305,DB02671
6306,DB00322
6307,P63316
6308,DB00060
6309,P11142
6310,DB00562
6311,DB00545
6312,DB06883
6313,P01133
6314,P07766
6315,DB00769
6316,DB01551
6317,DB05332
6318,DB07742
6319,O60674
6320,DB06841
6321,P37288
6322,DB01565
6323,DB00903
6324,DB00308
6325,Q7L5Y9
6326,P21554
6327,P51692
6328,DB07796
6329,DB02705
6330,DB08137
6331,P28070
6332,DB07206
6333,DB05005
6334,DB02877
6335,DB00711
6336,Q70Z44
6337,DB05153
6338,DB04246
6339,O95470
6340,P17544
6341,DB05080
6342,O75521
6343,DB00617
6344,DB00914
6345,DB07229
6346,P17948
6347,DB03902
6348,DB05204
6349,DB04542
6350,Q8IZS8
6351,O43614
6352,P10398
6353,DB08285
6354,P29466
6355,DB01149
6356,Q04760
6357,DB01169
6358,DB01880
6359,P43405
6360,Q969P6
6361,P39905
6362,P14555
6363,DB08053
6364,DB00470
6365,DB07654
6366,DB03593
6367,O14757
6368,P04118
6369,DB04664
6370,P29323
6371,DB01736
6372,Q15825
6373,Q460N3
6374,P48745
6375,Q16558
6376,DB02486
6377,DB06802
6378,DB02872
6379,DB06273
6380,DB08927
6381,DB04676
6382,DB01233
6383,P12081
6384,DB05337
6385,DB03892
6386,DB03801
6387,Q8TET4
6388,DB04113
6389,P01906
6390,DB05685
6391,DB05052
6392,Q03405
6393,P05093
6394,P31323
6395,Q9UNQ0
6396,DB01146
6397,DB01028
6398,Q9GZT4
6399,DB07986
6400,DB03512
6401,DB07005
6402,DB02323
6403,DB05482
6404,O43776
6405,P18505
6406,DB07771
6407,DB07795
6408,P11216
6409,DB00718
6410,DB07855
6411,DB08510
6412,DB08515
6413,P14770
6414,DB00886
6415,P43115
6416,DB02735
6417,DB01401
6418,DB00397
6419,P80192
6420,P14625
6421,DB00146
6422,DB01038
6423,DB00015
6424,P29120
6425,DB02140
6426,DB04739
6427,Q95460
6428,P48448
6429,DB09292
6430,DB01101
6431,Q7LG56
6432,P14854
6433,DB06835
6434,DB07696
6435,DB05044
6436,DB00568
6437,Q9UKU7
6438,P03950
6439,DB07251
6440,DB05303
6441,Q9Y6B6
6442,DB08164
6443,DB02198
6444,DB07427
6445,P17707
6446,O95831
6447,DB02201
6448,P30939
6449,DB01422
6450,O43447
6451,DB04137
6452,DB08930
6453,DB07934
6454,DB00144
6455,DB07363
6456,DB02518
6457,DB04695
6458,DB00838
6459,DB07840
6460,DB08168
6461,DB01562
6462,P55210
6463,P07355
6464,P17342
6465,DB00134
6466,P05230
6467,DB07361
6468,DB00555
6469,P10147
6470,DB02750
6471,P06737
6472,DB04489
6473,P11498
6474,DB03414
6475,DB02221
6476,DB08608
6477,DB08087
6478,DB00279
6479,DB03504
6480,Q8WWT9
6481,DB07286
6482,DB00505
6483,Q08493
6484,P16152
6485,DB06921
6486,DB07495
6487,DB03719
6488,P47898
6489,Q96C36
6490,P51172
6491,DB07965
6492,DB00518
6493,Q16478
6494,Q9NWM0
6495,DB00554
6496,Q7L3T8
6497,P12821
6498,P15289
6499,DB07486
6500,P28062
6501,DB02142
6502,DB02991
6503,DB02079
6504,DB03556
6505,DB03697
6506,DB04967
6507,DB00882
6508,DB00477
6509,DB07882
6510,DB01143
6511,P22455
6512,DB00348
6513,DB07066
6514,DB05420
6515,DB08869
6516,DB05511
6517,DB07848
6518,DB08435
6519,Q9NSE4
6520,O14983
6521,P40939
6522,P49336
6523,DB02565
6524,Q08881
6525,DB05478
6526,DB05458
6527,DB08760
6528,O00187
6529,DB01336
6530,DB04404
6531,DB00075
6532,Q06520
6533,DB00240
6534,DB00737
6535,DB04937
6536,DB01222
6537,DB03279
6538,DB00521
6539,Q9UM73
6540,DB03507
6541,P04271
6542,DB01983
6543,DB07873
6544,DB05110
6545,DB04861
6546,Q8IU85
6547,DB02180
6548,DB02719
6549,DB02636
6550,Q01064
6551,DB08744
6552,Q03431
6553,DB05475
6554,DB08338
6555,DB07975
6556,P49862
6557,DB01256
6558,DB07374
6559,DB05290
6560,DB04602
6561,DB07573
6562,P20648
6563,DB07102
6564,P21589
6565,DB00774
6566,DB03906
6567,P08574
6568,DB06719
6569,Q16698
6570,Q8WY07
6571,DB00821
6572,DB04459
6573,DB05466
6574,P16144
6575,DB01010
6576,DB05301
6577,DB00999
6578,DB01053
6579,DB02158
6580,P35916
6581,P13861
6582,DB00160
6583,DB08915
6584,O95298
6585,P05771
6586,DB03539
6587,DB04925
6588,Q96RP8
6589,DB04442
6590,DB00411
6591,DB07072
6592,DB03594
6593,DB00409
6594,DB03354
6595,P42357
6596,DB03213
6597,P61158
6598,DB01630
6599,P46439
6600,DB02943
6601,DB01339
6602,DB03685
6603,Q13255
6604,DB01117
6605,DB00944
6606,DB01130
6607,DB00388
6608,P28476
6609,DB04877
6610,DB03187
6611,Q92930
6612,DB02656
6613,P00390
6614,DB04326
6615,Q9Y234
6616,Q9NWZ5
6617,DB03953
6618,DB04432
6619,O43617
6620,DB00056
6621,DB05023
6622,P06310
6623,DB02452
6624,P01178
6625,DB01167
6626,P11230
6627,DB05715
6628,DB05921
6629,DB07982
6630,Q15046
6631,DB03298
6632,Q9UBS5
6633,DB01142
6634,DB07152
6635,P28222
6636,DB01412
6637,Q13639
6638,DB05166
6639,DB07246
6640,DB01346
6641,DB08377
6642,P25100
6643,DB02973
6644,DB01121
6645,DB01157
6646,DB00200
6647,DB02281
6648,DB06637
6649,P49773
6650,DB07807
6651,DB01058
6652,Q96QT4
6653,Q9HCD5
6654,DB02623
6655,DB08020
6656,DB07110
6657,DB08558
6658,DB09038
6659,P22301
6660,DB03181
6661,DB07455
6662,DB08208
6663,DB02755
6664,P43490
6665,P52788
6666,DB05752
6667,DB01785
6668,DB04795
6669,DB01261
6670,DB03710
6671,Q15596
6672,DB00009
6673,DB04446
6674,DB03336
6675,Q14914
6676,DB08332
6677,DB06891
6678,DB07533
6679,DB08155
6680,DB04725
6681,DB07506
6682,DB07272
6683,DB02568
6684,DB07271
6685,DB04645
6686,P49902
6687,DB03991
6688,DB03415
6689,P17302
6690,DB05039
6691,DB01871
6692,O00483
6693,DB01731
6694,DB05479
6695,DB00719
6696,DB04178
6697,DB01675
6698,DB00887
6699,DB07993
6700,DB08148
6701,P33402
6702,DB03214
6703,DB00666
6704,DB01003
6705,DB07248
6706,O75936
6707,Q00796
6708,DB00109
6709,P48066
6710,DB07469
6711,DB07256
6712,DB04149
6713,DB00834
6714,DB03323
6715,P13500
6716,DB02887
6717,DB00896
6718,DB00862
6719,DB00159
6720,DB05169
6721,DB00306
6722,DB01008
6723,Q13621
6724,P06213
6725,DB02057
6726,DB06851
6727,P35368
6728,P20810
6729,DB01285
6730,DB05687
6731,DB00296
6732,Q02750
6733,O43678
6734,DB04322
6735,Q9Y2D0
6736,DB03218
6737,DB02485
6738,DB00288
6739,DB00848
6740,DB06725
6741,Q8IWL2
6742,DB03822
6743,DB03280
6744,P00813
6745,P19099
6746,DB04818
6747,DB07006
6748,DB01651
6749,P0CG48
6750,P00352
6751,DB08689
6752,DB00127
6753,DB07994
6754,DB08389
6755,DB07484
6756,DB07281
6757,DB02429
6758,DB01348
6759,P30556
6760,DB04464
6761,DB05188
6762,DB00615
6763,DB00785
6764,P01834
6765,DB02831
6766,O60669
6767,P60900
6768,P61925
6769,DB08450
6770,DB05429
6771,DB08426
6772,DB06699
6773,DB00880
6774,DB02096
6775,DB05253
6776,Q9Y5Y6
6777,P55017
6778,Q13231
6779,DB04689
6780,DB08738
6781,P35626
6782,O15427
6783,P54619
6784,DB01988
6785,P42330
6786,P07737
6787,Q7Z2H8
6788,Q9NSD5
6789,DB08044
6790,DB01135
6791,P35247
6792,DB08936
6793,Q8WVQ1
6794,DB03711
6795,DB08095
6796,DB00513
6797,DB02492
6798,DB02967
6799,DB01154
6800,DB01748
6801,DB07182
6802,DB06042
6803,DB04514
6804,Q9GZT9
6805,Q6PI48
6806,DB07644
6807,DB08802
6808,DB00186
6809,P05129
6810,DB07125
6811,DB08693
6812,DB07187
6813,DB08334
6814,DB06616
6815,P19623
6816,DB05149
6817,P31213
6818,DB04377
6819,DB03085
6820,DB07940
6821,DB07615
6822,DB03012
6823,DB00451
6824,DB00373
6825,DB00386
6826,DB07362
6827,P47901
6828,DB03345
6829,DB08299
6830,DB08220
6831,DB07780
6832,DB04391
6833,P21399
6834,DB06689
6835,DB06953
6836,Q02221
6837,P21964
6838,P51151
6839,Q9BVM4
6840,DB00831
6841,P41743
6842,DB06213
6843,DB02613
6844,DB00445
6845,DB08321
6846,DB08743
6847,P17405
6848,DB01466
6849,DB08363
6850,DB08672
6851,DB08180
6852,O60658
6853,DB06151
6854,P01308
6855,DB04898
6856,DB07359
6857,DB05467
6858,DB02011
6859,DB07619
6860,DB07525
6861,O60858
6862,DB03307
6863,DB03370
6864,DB08295
6865,O75874
6866,DB07811
6867,DB08178
6868,DB06730
6869,DB00065
6870,P39023
6871,DB08147
6872,P27338
6873,DB01022
6874,DB03809
6875,DB05035
6876,O95182
6877,Q9UP95
6878,DB02772
6879,DB00378
6880,O60547
6881,P55769
6882,DB01613
6883,P49585
6884,DB02001
6885,DB08733
6886,DB07519
6887,DB02533
6888,DB03061
6889,DB01646
6890,DB04079
6891,DB03800
6892,DB04794
6893,DB03348
6894,DB03203
6895,P32320
6896,DB02426
6897,DB03835
6898,DB00422
6899,DB08051
6900,DB07069
6901,DB04604
6902,DB00295
6903,DB00596
6904,Q16620
6905,DB03064
6906,DB01888
6907,DB04591
6908,DB05916
6909,DB02526
6910,P25788
6911,DB00957
6912,DB04942
6913,P07451
6914,DB04583
6915,DB05252
6916,DB04396
6917,DB08403
6918,DB00381
6919,P09104
6920,Q8NFA2
6921,DB01109
6922,P08913
6923,DB07664
6924,P06396
6925,P52569
6926,P42892
6927,Q9NPC2
6928,O60760
6929,Q14832
6930,P04350
6931,DB07872
6932,DB05767
6933,Q02641
6934,DB05434
6935,DB01624
6936,DB03070
6937,DB02196
6938,P15151
6939,DB00677
6940,Q13224
6941,DB08140
6942,Q02218
6943,DB06210
6944,DB03392
6945,P01008
6946,DB08697
6947,DB02585
6948,Q9HAB3
6949,DB04315
6950,DB02720
6951,Q9Y251
6952,DB00457
6953,DB07856
6954,P08686
6955,P56181
6956,P08559
6957,Q07837
6958,Q10588
6959,DB01026
6960,P35243
6961,DB02468
6962,DB04510
6963,P16410
6964,DB08870
6965,DB02665
6966,Q9ULW8
6967,DB07642
6968,DB01931
6969,DB00149
6970,DB09083
6971,DB00183
6972,DB02473
6973,DB01086
6974,DB08035
6975,DB04701
6976,Q9Y2I1
6977,DB02716
6978,DB08836
6979,P50391
6980,Q9NPB1
6981,Q02809
6982,DB09045
6983,DB03155
6984,DB05146
6985,DB02813
6986,DB07250
6987,Q9BZV3
6988,DB05335
6989,DB00959
6990,DB08384
6991,DB06850
6992,P45844
6993,DB01229
6994,DB07837
6995,DB03841
6996,DB05476
6997,P49247
6998,DB01054
6999,DB03149
7000,DB02507
7001,DB07741
7002,DB02217
7003,Q8N142
7004,Q8WXI7
7005,P36871
7006,Q9UKQ2
7007,DB02551
7008,Q9BVJ7
7009,P05154
7010,DB00064
7011,P09668
7012,Q9NYR8
7013,DB03319
7014,DB07528
7015,DB08004
7016,P61073
7017,DB03393
7018,DB04971
7019,DB07763
7020,DB08749
7021,P06850
7022,DB00273
7023,DB08392
7024,P54368
7025,DB00302
7026,DB04657
7027,O95299
7028,DB00996
7029,DB04655
7030,Q8WWQ8
7031,P43004
7032,Q9UGI9
7033,DB07026
7034,DB04958
7035,DB00603
7036,DB08786
7037,DB00705
7038,DB08614
7039,DB01616
7040,P30273
7041,Q99928
7042,DB02860
7043,P51857
7044,DB00461
7045,P43119
7046,DB07388
7047,DB01876
7048,DB05190
7049,Q9UHI7
7050,DB01915
7051,P98066
7052,DB01280
7053,DB03772
7054,P46721
7055,DB05460
7056,DB00328
7057,DB01170
7058,DB06849
7059,P04075
7060,DB04216
7061,P29475
7062,DB00539
7063,Q9UM07
7064,DB05009
7065,DB07997
7066,DB01199
7067,DB09018
7068,O15528
7069,DB00111
7070,DB04892
7071,DB00078
7072,DB03283
7073,DB02093
7074,DB08231
7075,DB01327
7076,DB02087
7077,DB04114
7078,DB00040
7079,DB07101
7080,DB07038
7081,Q9NS85
7082,DB04066
7083,O15554
7084,DB03622
7085,P62937
7086,DB07876
7087,Q14520
7088,DB03964
7089,DB03773
7090,DB03408
7091,DB01725
7092,Q15080
7093,DB00975
7094,DB00425
7095,Q9BZV2
7096,Q9NYX4
7097,P78417
7098,Q13698
7099,DB07212
7100,Q16881
7101,O14842
7102,Q9HAW7
7103,DB05459
7104,P01730
7105,DB01319
7106,DB05065
7107,DB00029
7108,Q92806
7109,DB07324
7110,P09417
7111,P12235
7112,P32322
7113,DB00263
7114,P19622
7115,DB02984
7116,DB01698
7117,DB00073
7118,Q16774
7119,DB02871
7120,P11309
7121,DB04884
7122,DB04867
7123,DB05017
7124,DB05202
7125,DB00952
7126,Q15185
7127,DB07957
7128,O00748
7129,DB08228
7130,DB00407
7131,DB00081
7132,DB00325
7133,P29275
7134,DB01483
7135,DB08197
7136,DB06626
7137,P22830
7138,Q16873
7139,P98164
7140,DB03802
7141,DB00958
7142,DB07597
7143,DB07405
7144,DB08024
7145,DB03673
7146,DB06727
7147,DB03067
7148,DB00995
7149,DB07690
7150,P09871
7151,DB05510
7152,DB02405
7153,P48735
7154,DB02925
7155,DB03602
7156,Q13093
7157,DB00870
7158,P24941
7159,DB04639
7160,DB02908
7161,DB00920
7162,DB08890
7163,DB06751
7164,DB02861
7165,DB01016
7166,DB07171
7167,P14867
7168,DB08257
7169,DB05258
7170,DB00238
7171,P61313
7172,DB07477
7173,P02768
7174,DB08536
7175,DB00656
7176,DB00282
7177,DB08167
7178,O15375
7179,P10721
7180,DB02243
7181,P20645
7182,Q9NY46
7183,DB01274
7184,O14521
7185,DB03899
7186,DB07549
7187,P45452
7188,Q96GD4
7189,DB05127
7190,DB03616
7191,DB00805
7192,P54750
7193,DB07465
7194,Q96FL8
7195,Q9Y296
7196,P22061
7197,DB03132
7198,DB08954
7199,DB00093
7200,P01019
7201,P51659
7202,DB07050
7203,DB04324
7204,DB00669
7205,DB01181
7206,DB00292
7207,P33260
7208,DB03531
7209,P61927
7210,DB01126
7211,DB07056
7212,DB09102
7213,O14672
7214,DB01889
7215,DB01074
7216,DB09071
7217,DB03666
7218,DB02953
7219,P11310
7220,DB00228
7221,P34903
7222,DB03039
7223,DB01207
7224,P06280
7225,P50579
7226,DB03060
7227,Q96S86
7228,DB03824
7229,P24462
7230,P46976
7231,DB02633
7232,Q9BZW2
7233,DB04132
7234,P50135
7235,DB07609
7236,P13611
7237,DB03704
7238,Q9NYA1
7239,DB08289
7240,DB05595
7241,DB01049
7242,DB07415
7243,P52758
7244,DB00745
7245,DB01544
7246,P25774
7247,P05231
7248,P02818
7249,DB04180
7250,P62312
7251,DB00833
7252,Q8NFJ5
7253,DB05184
7254,Q9H228
7255,DB01769
7256,P22352
7257,DB08751
7258,P43166
7259,DB00960
7260,DB08271
7261,DB00772
7262,DB06990
7263,P48039
7264,Q99436
7265,P37058
7266,O43174
7267,DB01037
7268,P13688
7269,DB02170
7270,DB01133
7271,DB03159
7272,P50613
7273,DB04552
7274,DB01180
7275,DB00783
7276,Q92847
7277,DB07468
7278,DB05854
7279,DB05849
7280,DB06080
7281,DB08032
7282,Q92953
7283,DB07955
7284,DB08923
7285,DB07765
7286,DB08294
7287,DB08492
7288,DB06419
7289,DB00845
7290,P32745
7291,Q96FI4
7292,DB07556
7293,DB04771
7294,Q02880
7295,DB07476
7296,DB03958
7297,DB07242
7298,DB03832
7299,DB04478
7300,Q8NE62
7301,P54855
7302,Q14330
7303,P49888
7304,DB04493
7305,Q96QU6
7306,DB08439
7307,P08514
7308,DB07070
7309,DB00276
7310,DB08202
7311,DB02398
7312,DB07976
7313,DB07800
7314,DB02758
7315,DB01240
7316,DB07345
7317,P13612
7318,DB01023
7319,Q16348
7320,P30531
7321,Q9UBK8
7322,DB08124
7323,P13995
7324,DB07941
7325,DB07901
7326,DB06702
7327,P35354
7328,DB07557
7329,P10153
7330,Q9NY65
7331,DB08822
7332,DB07000
7333,DB03065
7334,DB03583
7335,DB03095
7336,DB04355
7337,P26439
7338,DB09034
7339,O43526
7340,DB00051
7341,DB09054
7342,Q8N159
